Nombre,Equipo,Precio_Comunio,Precio_Num,Precio_Normalizado,Foto
Mbappé,France,"21,22 M",21220000.0,50,https://st.clubcomunio.com/p/342229-3.jpg
Lamine Yamal,Spain,"20,80 M",20800000.0,49,https://st.clubcomunio.com/p/937958-2.jpg
Olise,France,"19,02 M",19020000.0,46,https://st.clubcomunio.com/p/566723-1.jpg
Kane,England,"18,85 M",18850000.0,45,https://st.clubcomunio.com/p/132098-2.jpg
Messi,Argentina,"18,07 M",18070000.0,44,https://st.clubcomunio.com/p/28003-2.jpg
Cristiano Ronaldo,Portugal,"17,94 M",17940000.0,43,https://st.clubcomunio.com/p/8198-5.jpg
Dembélé,France,"16,99 M",16990000.0,41,https://st.clubcomunio.com/p/288230-2.jpg
Wirtz,Germany,"16,62 M",16620000.000000002,41,https://st.clubcomunio.com/p/598577-1.jpg
Haaland,Norway,"16,52 M",16520000.0,40,https://st.clubcomunio.com/p/418560-2.jpg
Vinicius Junior,Brazil,"16,38 M",16379999.999999998,40,https://st.clubcomunio.com/p/371998-2.jpg
Pedri,Spain,"15,79 M",15790000.0,39,https://st.clubcomunio.com/p/683840-4.jpg
Bruno Fernandes,Portugal,"15,37 M",15370000.0,38,https://st.clubcomunio.com/p/240306-2.jpg
Julián Álvarez,Argentina,"14,53 M",14530000.0,36,https://st.clubcomunio.com/p/576024-1.jpg
Oyarzabal,Spain,"14,51 M",14510000.0,36,https://st.clubcomunio.com/p/351478-3.jpg
Bellingham,England,"13,98 M",13980000.0,35,https://st.clubcomunio.com/p/581678-0.jpg
Havertz,Germany,"13,69 M",13690000.0,35,https://st.clubcomunio.com/p/309400-3.jpg
Vitinha,Portugal,"13,42 M",13420000.0,34,https://st.clubcomunio.com/p/487469-1.jpg
Rodri,Spain,"13,40 M",13400000.0,34,https://st.clubcomunio.com/p/357565-3.jpg
Luis Díaz,Colombia,"13,39 M",13390000.0,34,https://st.clubcomunio.com/p/480692-0.jpg
Raphinha,Brazil,"13,16 M",13160000.0,34,https://st.clubcomunio.com/p/411295-3.jpg
Musiala,Germany,"13,05 M",13050000.0,33,https://st.clubcomunio.com/p/580195-1.jpg
Rice,England,"12,90 M",12900000.0,33,https://st.clubcomunio.com/p/357662-1.jpg
Kimmich,Germany,"12,87 M",12870000.0,33,https://st.clubcomunio.com/p/161056-2.jpg
Arda Güler,Turkey,"12,87 M",12870000.0,33,https://st.clubcomunio.com/p/861410-0.jpg
Dani Olmo,Spain,"12,66 M",12660000.0,33,https://st.clubcomunio.com/p/293385-2.jpg
Nico Williams,Spain,"12,40 M",12400000.0,32,https://st.clubcomunio.com/p/255508-4.jpg
Ferran Torres,Spain,"12,30 M",12300000.0,32,https://st.clubcomunio.com/p/398184-1.jpg
Valverde,Uruguay,"12,16 M",12160000.0,32,https://st.clubcomunio.com/p/369081-2.jpg
Lautaro Martínez,Argentina,"11,94 M",11940000.0,31,https://st.clubcomunio.com/p/406625-2.jpg
D. Doué,France,"11,76 M",11760000.0,31,https://st.clubcomunio.com/p/914562-0.jpg
Saka,England,"11,72 M",11720000.0,31,https://st.clubcomunio.com/p/433177-2.jpg
Bernardo Silva,Portugal,"11,56 M",11560000.0,30,https://st.clubcomunio.com/p/241641-1.jpg
A. Mac Allister,Argentina,"11,33 M",11330000.0,30,https://st.clubcomunio.com/p/534033-0.jpg
Leao,Portugal,"11,15 M",11150000.0,29,https://st.clubcomunio.com/p/357164-1.jpg
Kenan Yıldız,Turkey,"11,06 M",11060000.0,29,https://st.clubcomunio.com/p/845654.jpg
Doku,Belgium,"10,97 M",10970000.0,29,https://st.clubcomunio.com/p/486049-1.jpg
Joao Neves,Portugal,"10,83 M",10830000.0,29,https://st.clubcomunio.com/p/670681-0.jpg
Enzo Fernández,Argentina,"10,78 M",10780000.0,29,https://st.clubcomunio.com/p/648195-0.jpg
van Dijk,Netherlands,"10,68 M",10680000.0,28,https://st.clubcomunio.com/p/139208-2.jpg
Gakpo,Netherlands,"10,43 M",10430000.0,28,https://st.clubcomunio.com/p/434675-0.jpg
Pavlovic,Germany,"10,38 M",10380000.0,28,https://st.clubcomunio.com/p/792380.jpg
Fabián Ruiz,Spain,"10,30 M",10300000.0,28,https://st.clubcomunio.com/p/350219-2.jpg
De Bruyne,Belgium,"10,20 M",10200000.0,27,https://st.clubcomunio.com/p/88755-7.jpg
Cherki,France,10 M,10000000.0,27,https://st.clubcomunio.com/p/607223-0.jpg
Tchouaméni,France,"9,88 M",9880000.0,27,https://st.clubcomunio.com/p/413112-0.jpg
Nuno Mendes,Portugal,"9,80 M",9800000.0,27,https://st.clubcomunio.com/p/616341-1.jpg
Hakimi,Morocco,"9,71 M",9710000.0,26,https://st.clubcomunio.com/p/398073-1.jpg
Upamecano,France,"9,21 M",9210000.0,25,https://st.clubcomunio.com/p/344695-0.jpg
Hakan Çalhanoğlu,Turkey,"9,18 M",9180000.0,25,https://st.clubcomunio.com/p/126414-0.jpg
Rashford,England,"9,14 M",9140000.0,25,https://st.clubcomunio.com/p/258923-2.jpg
Ødegaard,Norway,"9,10 M",9100000.0,25,https://st.clubcomunio.com/p/316264-3.jpg
Matheus Cunha,Brazil,"9,09 M",9090000.0,25,https://st.clubcomunio.com/p/517894-1.jpg
Brahim Díaz,Morocco,"9,04 M",9040000.0,25,https://st.clubcomunio.com/p/314678-3.jpg
Mané,Senegal,"8,99 M",8990000.0,25,https://st.clubcomunio.com/p/200512-2.jpg
Tah,Germany,"8,84 M",8840000.0,25,https://st.clubcomunio.com/p/196357-0.jpg
Merino,Spain,"8,67 M",8670000.0,24,https://st.clubcomunio.com/p/338424-3.jpg
Salah,Egypt,"8,65 M",8650000.0,24,https://st.clubcomunio.com/p/148455-4.jpg
Y. Diomande,Ivory Coast,"8,63 M",8630000.0,24,https://st.clubcomunio.com/p/1390649.jpg
Modric,Croatia,"8,62 M",8620000.0,24,https://st.clubcomunio.com/p/27992-3.jpg
Gyökeres,Sweden,"8,43 M",8430000.0,24,https://st.clubcomunio.com/p/325443.jpg
F. de Jong,Netherlands,"8,42 M",8420000.0,24,https://st.clubcomunio.com/p/326330-2.jpg
De Paul,Argentina,"8,34 M",8340000.0,24,https://st.clubcomunio.com/p/255901-2.jpg
Tielemans,Belgium,"8,33 M",8330000.0,24,https://st.clubcomunio.com/p/249565-7.jpg
Xhaka,Switzerland,"8,31 M",8310000.000000001,24,https://st.clubcomunio.com/p/111455-2.jpg
Cubarsí,Spain,"8,05 M",8050000.000000001,23,https://st.clubcomunio.com/p/962110-0.jpg
Guimarães,Brazil,"8,03 M",8029999.999999999,23,https://st.clubcomunio.com/p/520624-0.jpg
Casemiro,Brazil,"7,96 M",7960000.0,23,https://st.clubcomunio.com/p/16306-4.jpg
Saliba,France,"7,84 M",7840000.0,23,https://st.clubcomunio.com/p/495666-1.jpg
Maignan,France,"7,74 M",7740000.0,22,https://st.clubcomunio.com/p/182906-0.jpg
Rúben Dias,Portugal,"7,74 M",7740000.0,22,https://st.clubcomunio.com/p/258004-1.jpg
Gravenberech,Netherlands,"7,73 M",7730000.0,22,https://st.clubcomunio.com/p/478573-0.jpg
Schlotterbeck,Germany,"7,71 M",7710000.0,22,https://st.clubcomunio.com/p/388198-0.jpg
Marcos Llorente,Spain,"7,63 M",7630000.0,22,https://st.clubcomunio.com/p/282411-3.jpg
James Rodríguez,Colombia,"7,56 M",7560000.0,22,https://st.clubcomunio.com/p/88103.jpg
Luis Suárez,Colombia,"7,34 M",7340000.0,22,https://st.clubcomunio.com/p/424784-3.jpg
Woltemade,Germany,"7,28 M",7280000.0,22,https://st.clubcomunio.com/p/455661-0.jpg
Joao Cancelo,Portugal,"7,28 M",7280000.0,22,https://st.clubcomunio.com/p/182712-3.jpg
Martínez,Argentina,"7,27 M",7270000.0,22,https://st.clubcomunio.com/p/111873-2.jpg
Sørloth,Norway,"7,25 M",7250000.0,21,https://st.clubcomunio.com/p/238407-0.jpg
A. Gordon,England,"7,21 M",7210000.0,21,https://st.clubcomunio.com/p/503733-0.jpg
Koundé,France,"7,13 M",7130000.0,21,https://st.clubcomunio.com/p/411975-4.jpg
Gabriel Magalhaes,Brazil,"7,12 M",7120000.0,21,https://st.clubcomunio.com/p/435338-2.jpg
Lukaku,Belgium,"7,11 M",7110000.0,21,https://st.clubcomunio.com/p/96341-2.jpg
Kramaric,Croatia,"7,06 M",7060000.0,21,https://st.clubcomunio.com/p/46580-2.jpg
Neuer,Germany,"7,06 M",7060000.0,21,https://st.clubcomunio.com/p/17259-2.jpg
Marmoush,Egypt,"6,98 M",6980000.0,21,https://st.clubcomunio.com/p/445939-0.jpg
Marquinhos,Brazil,"6,96 M",6960000.0,21,https://st.clubcomunio.com/p/181767-1.jpg
Theo Hernandez,France,"6,90 M",6900000.0,21,https://st.clubcomunio.com/p/339808-3.jpg
Rabiot,France,"6,90 M",6900000.0,21,https://st.clubcomunio.com/p/182913-3.jpg
Nico Paz,Argentina,"6,85 M",6850000.0,21,https://st.clubcomunio.com/p/948294-0.jpg
Laporte,Spain,"6,85 M",6850000.0,21,https://st.clubcomunio.com/p/176553-3.jpg
Schick,Czech Republic,"6,83 M",6830000.0,21,https://st.clubcomunio.com/p/242086-1.jpg
Cucurella,Spain,"6,80 M",6800000.0,21,https://st.clubcomunio.com/p/284857-1.jpg
Joao Felix,Portugal,"6,79 M",6790000.0,21,https://st.clubcomunio.com/p/462250-3.jpg
Gvardiol,Croatia,"6,76 M",6760000.0,20,https://st.clubcomunio.com/p/475959-0.jpg
Sabitzer,Austria,"6,72 M",6720000.0,20,https://st.clubcomunio.com/p/106987-1.jpg
Pedro Neto,Portugal,"6,70 M",6700000.0,20,https://st.clubcomunio.com/p/487465-0.jpg
Barcola,France,"6,67 M",6670000.0,20,https://st.clubcomunio.com/p/708265-0.jpg
van de Ven,Netherlands,"6,54 M",6540000.0,20,https://st.clubcomunio.com/p/557459-0.jpg
Isak,Sweden,"6,53 M",6530000.0,20,https://st.clubcomunio.com/p/349066-2.jpg
Pulisic,USA,"6,53 M",6530000.0,20,https://st.clubcomunio.com/p/315779-2.jpg
Dumfries,Netherlands,"6,48 M",6480000.0,20,https://st.clubcomunio.com/p/321528-0.jpg
Orkun Kökçü,Turkey,"6,46 M",6460000.0,20,https://st.clubcomunio.com/p/454567-0.jpg
Guéhi,England,"6,44 M",6440000.0,20,https://st.clubcomunio.com/p/392757-0.jpg
Memphis,Netherlands,"6,42 M",6420000.0,20,https://st.clubcomunio.com/p/167850-1.jpg
Heung-min Son,South Korea,"6,42 M",6420000.0,20,https://st.clubcomunio.com/p/91845-2.jpg
Endrick,Brazil,"6,37 M",6370000.0,20,https://st.clubcomunio.com/p/971570.jpg
Reijnders,Netherlands,"6,37 M",6370000.0,20,https://st.clubcomunio.com/p/460939-0.jpg
Courtois,Belgium,"6,23 M",6230000.0,19,https://st.clubcomunio.com/p/108390-4.jpg
Malen,Netherlands,"6,16 M",6160000.0,19,https://st.clubcomunio.com/p/326029-0.jpg
Sane,Germany,"6,15 M",6150000.0,19,https://st.clubcomunio.com/p/192565-2.jpg
Raum,Germany,"6,12 M",6120000.0,19,https://st.clubcomunio.com/p/318204-0.jpg
Simeone,Argentina,"6,10 M",6100000.0,19,https://st.clubcomunio.com/p/742201-1.jpg
Pacho,Ecuador,"6,04 M",6040000.0,19,https://st.clubcomunio.com/p/661171-0.jpg
Undav,Germany,"6,04 M",6040000.0,19,https://st.clubcomunio.com/p/339314-0.jpg
M. Thuram,France,"6,03 M",6030000.0,19,https://st.clubcomunio.com/p/318528-1.jpg
Semenyo,Ghana,"6,02 M",6020000.0,19,https://st.clubcomunio.com/p/583255-0.jpg
Trossard,Belgium,"6,01 M",6010000.0,19,https://st.clubcomunio.com/p/144028-1.jpg
Gavi,Spain,"5,99 M",5990000.0,19,https://st.clubcomunio.com/p/580560-0.jpg
Kanté,France,"5,93 M",5930000.0,19,https://st.clubcomunio.com/p/225083-2.jpg
Budimir,Croatia,"5,90 M",5900000.0,19,https://st.clubcomunio.com/p/46413-2.jpg
Unai Simon,Spain,"5,90 M",5900000.0,19,https://st.clubcomunio.com/p/262396-2.jpg
Abde,Morocco,"5,88 M",5880000.0,19,https://st.clubcomunio.com/p/724520-1.jpg
M. Caicedo,Ecuador,"5,83 M",5830000.0,19,https://st.clubcomunio.com/p/687626-1.jpg
Eze,England,"5,77 M",5770000.0,18,https://st.clubcomunio.com/p/479999-0.jpg
Embolo,Switzerland,"5,73 M",5730000.0,18,https://st.clubcomunio.com/p/237662-1.jpg
Rüdiger,Germany,"5,71 M",5710000.0,18,https://st.clubcomunio.com/p/86202-1.jpg
Bono,Morocco,"5,70 M",5700000.0,18,https://st.clubcomunio.com/p/207834-3.jpg
Alisson,Brazil,"5,69 M",5690000.0,18,https://st.clubcomunio.com/p/105470-2.jpg
Amrabat,Morocco,"5,63 M",5630000.0,18,https://st.clubcomunio.com/p/287579-1.jpg
J. David,Canada,"5,61 M",5610000.0,18,https://st.clubcomunio.com/p/533738-0.jpg
Núñez,Uruguay,"5,61 M",5610000.0,18,https://st.clubcomunio.com/p/546543-4.jpg
Diogo Costa,Portugal,"5,58 M",5580000.0,18,https://st.clubcomunio.com/p/357153-0.jpg
Lisandro Martínez,Argentina,"5,56 M",5560000.0,18,https://st.clubcomunio.com/p/480762-2.jpg
Maxi Araujo,Uruguay,"5,56 M",5560000.0,18,https://st.clubcomunio.com/p/572675.jpg
Konaté,France,"5,51 M",5510000.0,18,https://st.clubcomunio.com/p/357119-0.jpg
Nmecha,Germany,"5,46 M",5460000.0,18,https://st.clubcomunio.com/p/406640-1.jpg
Pickford,England,"5,44 M",5440000.0,18,https://st.clubcomunio.com/p/130164-1.jpg
Vuskovic,Croatia,"5,41 M",5410000.0,18,https://st.clubcomunio.com/p/892160.jpg
Eric García,Spain,"5,39 M",5390000.0,18,https://st.clubcomunio.com/p/466794-1.jpg
Zubimendi,Spain,"5,39 M",5390000.0,18,https://st.clubcomunio.com/p/423440-2.jpg
Akanji,Switzerland,"5,33 M",5330000.0,18,https://st.clubcomunio.com/p/284730-2.jpg
Barış Alper,Turkey,"5,31 M",5310000.0,18,https://st.clubcomunio.com/p/541537-0.jpg
Kubo,Japan,"5,30 M",5300000.0,17,https://st.clubcomunio.com/p/405398-3.jpg
Stanisic,Croatia,"5,22 M",5220000.0,17,https://st.clubcomunio.com/p/483046-0.jpg
Pape Gueye,Senegal,"5,21 M",5210000.0,17,https://st.clubcomunio.com/p/485963-0.jpg
Stones,England,"5,14 M",5140000.0,17,https://st.clubcomunio.com/p/186590-2.jpg
Ferdi Kadıoğlu,Turkey,"5,14 M",5140000.0,17,https://st.clubcomunio.com/p/369316.jpg
Goretzka,Germany,"5,09 M",5090000.0,17,https://st.clubcomunio.com/p/153084-2.jpg
Dalot,Portugal,"5,07 M",5070000.0,17,https://st.clubcomunio.com/p/357147-3.jpg
Laimer,Austria,"5,06 M",5060000.0,17,https://st.clubcomunio.com/p/223967-1.jpg
De Ketelaere,Belgium,"4,99 M",4990000.0,17,https://st.clubcomunio.com/p/435772-0.jpg
Perisic,Croatia,"4,99 M",4990000.0,17,https://st.clubcomunio.com/p/42460-3.jpg
Lucas Paqueta,Brazil,"4,97 M",4970000.0,17,https://st.clubcomunio.com/p/444523-0.jpg
Rúben Neves,Portugal,"4,97 M",4970000.0,17,https://st.clubcomunio.com/p/225161-2.jpg
Nusa,Norway,"4,92 M",4920000.0,17,https://st.clubcomunio.com/p/894914-0.jpg
Kovacic,Croatia,"4,90 M",4900000.0,17,https://st.clubcomunio.com/p/51471-3.jpg
Cristian Romero,Argentina,"4,88 M",4880000.0,17,https://st.clubcomunio.com/p/355915-0.jpg
Otamendi,Argentina,"4,85 M",4850000.0,17,https://st.clubcomunio.com/p/54781-2.jpg
Berge,Norway,"4,83 M",4830000.0,17,https://st.clubcomunio.com/p/333014-0.jpg
G. Ramos,Portugal,"4,73 M",4730000.0,16,https://st.clubcomunio.com/p/550550-0.jpg
Kobel,Switzerland,"4,73 M",4730000.0,16,https://st.clubcomunio.com/p/257814-0.jpg
Ugarte,Uruguay,"4,72 M",4720000.0,16,https://st.clubcomunio.com/p/476701-0.jpg
Mazraoui,Morocco,"4,71 M",4710000.0,16,https://st.clubcomunio.com/p/340456-3.jpg
Mahrez,Algeria,"4,64 M",4640000.0,16,https://st.clubcomunio.com/p/171424-3.jpg
Tagliafico,Argentina,"4,59 M",4590000.0,16,https://st.clubcomunio.com/p/131225-2.jpg
Onana,Belgium,"4,58 M",4580000.0,16,https://st.clubcomunio.com/p/485706-1.jpg
I. Williams,Ghana,"4,58 M",4580000.0,16,https://st.clubcomunio.com/p/255508-2.jpg
I. Sarr,Senegal,"4,58 M",4580000.0,16,https://st.clubcomunio.com/p/410225-2.jpg
Rogers,England,"4,55 M",4550000.0,16,https://st.clubcomunio.com/p/503743.jpg
Neymar,Brazil,"4,49 M",4490000.0,16,https://st.clubcomunio.com/p/68290-3.jpg
El Khannouss,Morocco,"4,48 M",4480000.0,16,https://st.clubcomunio.com/p/654982.jpg
Pépé,Ivory Coast,"4,47 M",4470000.0,16,https://st.clubcomunio.com/p/343052-3.jpg
Ronald Araujo,Uruguay,"4,45 M",4450000.0,16,https://st.clubcomunio.com/p/480267-3.jpg
O'Reilly,England,"4,43 M",4430000.0,16,https://st.clubcomunio.com/p/743413.jpg
Min-jae Kim,South Korea,"4,42 M",4420000.0,16,https://st.clubcomunio.com/p/503482-0.jpg
McTominay,Scotland,"4,39 M",4390000.0,16,https://st.clubcomunio.com/p/315969-2.jpg
R. James,England,"4,37 M",4370000.0,16,https://st.clubcomunio.com/p/472423-1.jpg
Dzeko,Bosnia-Herzegovina,"4,31 M",4310000.0,15,https://st.clubcomunio.com/p/28396-1.jpg
Saibari,Morocco,"4,22 M",4220000.0,15,https://st.clubcomunio.com/p/702869-0.jpg
Ryerson,Norway,"4,21 M",4210000.0,15,https://st.clubcomunio.com/p/370789-1.jpg
Arnautovic,Austria,"4,17 M",4170000.0,15,https://st.clubcomunio.com/p/41384-1.jpg
Mainoo,England,"4,17 M",4170000.0,15,https://st.clubcomunio.com/p/820374-0.jpg
E. Anderson,England,"4,15 M",4150000.0000000005,15,https://st.clubcomunio.com/p/567576-0.jpg
Doan,Japan,"4,15 M",4150000.0000000005,15,https://st.clubcomunio.com/p/358504-0.jpg
Grimaldo,Spain,"4,13 M",4130000.0,15,https://st.clubcomunio.com/p/193082-1.jpg
Olivera,Uruguay,"4,13 M",4130000.0,15,https://st.clubcomunio.com/p/376514-1.jpg
Vargas,Switzerland,"4,07 M",4070000.0000000005,15,https://st.clubcomunio.com/p/345886-0.jpg
Verbruggen,Netherlands,"4,03 M",4030000.0000000005,15,https://st.clubcomunio.com/p/565093-0.jpg
Koopmeiners,Netherlands,"4,03 M",4030000.0000000005,15,https://st.clubcomunio.com/p/360518-0.jpg
Demirovic,Bosnia-Herzegovina,"3,99 M",3990000.0,15,https://st.clubcomunio.com/p/335457-0.jpg
Kang-in Lee,South Korea,"3,99 M",3990000.0,15,https://st.clubcomunio.com/p/557149-2.jpg
Davinson Sánchez,Colombia,"3,98 M",3980000.0,15,https://st.clubcomunio.com/p/341429-1.jpg
E. Valencia,Ecuador,"3,98 M",3980000.0,15,https://st.clubcomunio.com/p/139503-1.jpg
Nahuel Molina,Argentina,"3,95 M",3950000.0,15,https://st.clubcomunio.com/p/424042-0.jpg
Hincapie,Ecuador,"3,94 M",3940000.0,15,https://st.clubcomunio.com/p/659813-0.jpg
Ounahi,Morocco,"3,92 M",3920000.0,15,https://st.clubcomunio.com/p/593482-0.jpg
El Kaabi,Morocco,"3,91 M",3910000.0,15,https://st.clubcomunio.com/p/521127-0.jpg
Inácio,Portugal,"3,91 M",3910000.0,15,https://st.clubcomunio.com/p/549006-0.jpg
Robertson,Scotland,"3,89 M",3890000.0,15,https://st.clubcomunio.com/p/234803-2.jpg
D. Muñoz,Colombia,"3,86 M",3860000.0,15,https://st.clubcomunio.com/p/493003.jpg
Elvedi,Switzerland,"3,82 M",3820000.0,14,https://st.clubcomunio.com/p/192635-0.jpg
Zaïre-Emery,France,"3,81 M",3810000.0,14,https://st.clubcomunio.com/p/810092-0.jpg
Ndoye,Switzerland,"3,81 M",3810000.0,14,https://st.clubcomunio.com/p/365108-0.jpg
Jhon Arias,Colombia,"3,80 M",3800000.0,14,https://st.clubcomunio.com/p/588989.jpg
Buchanan,Canada,"3,79 M",3790000.0,14,https://st.clubcomunio.com/p/638793-0.jpg
Raúl Jiménez,Mexico,"3,78 M",3780000.0,14,https://st.clubcomunio.com/p/206040-3.jpg
Kerem Aktürkoğlu,Turkey,"3,78 M",3780000.0,14,https://st.clubcomunio.com/p/382528-0.jpg
Uğurcan Çakır,Turkey,"3,73 M",3730000.0,14,https://st.clubcomunio.com/p/292199-0.jpg
McKennie,USA,"3,73 M",3730000.0,14,https://st.clubcomunio.com/p/332697-1.jpg
Soucek,Czech Republic,"3,72 M",3720000.0,14,https://st.clubcomunio.com/p/283628-1.jpg
X. Schlager,Austria,"3,71 M",3710000.0,14,https://st.clubcomunio.com/p/223979-0.jpg
P. Sucic,Croatia,"3,68 M",3680000.0,14,https://st.clubcomunio.com/p/668207.jpg
Livakovic,Croatia,"3,67 M",3670000.0,14,https://st.clubcomunio.com/p/205927-1.jpg
Kamada,Japan,"3,66 M",3660000.0,14,https://st.clubcomunio.com/p/356141-0.jpg
Idrissa Gueye,Senegal,"3,66 M",3660000.0,14,https://st.clubcomunio.com/p/126665-1.jpg
Dest,USA,"3,66 M",3660000.0,14,https://st.clubcomunio.com/p/361104-1.jpg
De Cuyper,Belgium,"3,64 M",3640000.0,14,https://st.clubcomunio.com/p/429915.jpg
M. Koné,France,"3,64 M",3640000.0,14,https://st.clubcomunio.com/p/624690-0.jpg
Vásquez,Mexico,"3,64 M",3640000.0,14,https://st.clubcomunio.com/p/532937-0.jpg
M. Tillman,USA,"3,63 M",3630000.0,14,https://st.clubcomunio.com/p/467437-1.jpg
Pedro Porro,Spain,"3,62 M",3620000.0,14,https://st.clubcomunio.com/p/553875-1.jpg
Palacios,Argentina,"3,59 M",3590000.0,14,https://st.clubcomunio.com/p/993645.jpg
Merih Demiral,Turkey,"3,54 M",3540000.0,14,https://st.clubcomunio.com/p/340879-1.jpg
Mario Pasalic,Croatia,"3,47 M",3470000.0,14,https://st.clubcomunio.com/p/205938-2.jpg
A. Diallo,Ivory Coast,"3,47 M",3470000.0,14,https://st.clubcomunio.com/p/536835-0.jpg
Ake,Netherlands,"3,45 M",3450000.0,14,https://st.clubcomunio.com/p/177476-2.jpg
Ueda,Japan,"3,44 M",3440000.0,14,https://st.clubcomunio.com/p/589128-1.jpg
Gregoritsch,Austria,"3,43 M",3430000.0,14,https://st.clubcomunio.com/p/120205-2.jpg
İsmail Yüksek,Turkey,"3,42 M",3420000.0,14,https://st.clubcomunio.com/p/613725.jpg
Ríos,Colombia,"3,37 M",3370000.0,14,https://st.clubcomunio.com/p/735573.jpg
Kessié,Ivory Coast,"3,32 M",3320000.0,13,https://st.clubcomunio.com/p/294808-1.jpg
Itakura,Japan,"3,29 M",3290000.0,13,https://st.clubcomunio.com/p/355816-0.jpg
Alaba,Austria,"3,28 M",3280000.0,13,https://st.clubcomunio.com/p/59016-2.jpg
Kovar,Czech Republic,"3,28 M",3280000.0,13,https://st.clubcomunio.com/p/550829-0.jpg
Leandro Paredes,Argentina,"3,26 M",3260000.0,13,https://st.clubcomunio.com/p/166237-4.jpg
Abdülkerim Bardakçı,Turkey,"3,25 M",3250000.0,13,https://st.clubcomunio.com/p/199316-0.jpg
Can Uzun,Turkey,"3,25 M",3250000.0,13,https://st.clubcomunio.com/p/816585.jpg
Elanga,Sweden,"3,23 M",3230000.0,13,https://st.clubcomunio.com/p/583189-0.jpg
Yunus Akgün,Turkey,"3,22 M",3220000.0,13,https://st.clubcomunio.com/p/396908-0.jpg
Konsa,England,"3,20 M",3200000.0,13,https://st.clubcomunio.com/p/413403-0.jpg
N. Jackson,Senegal,"3,20 M",3200000.0,13,https://st.clubcomunio.com/p/776890-1.jpg
Thomas Partey,Ghana,"3,18 M",3180000.0,13,https://st.clubcomunio.com/p/230784-2.jpg
Rieder,Switzerland,"3,18 M",3180000.0,13,https://st.clubcomunio.com/p/507341-0.jpg
Balogun,USA,"3,16 M",3160000.0,13,https://st.clubcomunio.com/p/503770-0.jpg
De Arrascaeta,Uruguay,"3,12 M",3120000.0,13,https://st.clubcomunio.com/p/248410-0.jpg
Aguerd,Morocco,"3,07 M",3070000.0,13,https://st.clubcomunio.com/p/361914-1.jpg
Martinelli,Brazil,"3,03 M",3030000.0,13,https://st.clubcomunio.com/p/655488-1.jpg
T. Adams,USA,"3,03 M",3030000.0,13,https://st.clubcomunio.com/p/332705-0.jpg
Lerma,Colombia,"2,97 M",2970000.0,13,https://st.clubcomunio.com/p/262980-2.jpg
Castagne,Belgium,"2,92 M",2920000.0,13,https://st.clubcomunio.com/p/262226-0.jpg
Sutalo,Croatia,"2,92 M",2920000.0,13,https://st.clubcomunio.com/p/371001-0.jpg
I. Ndiaye,Senegal,"2,92 M",2920000.0,13,https://st.clubcomunio.com/p/623570-0.jpg
Aït-Nouri,Algeria,"2,91 M",2910000.0,13,https://st.clubcomunio.com/p/578391-3.jpg
Seiwald,Austria,"2,91 M",2910000.0,13,https://st.clubcomunio.com/p/404950-0.jpg
Ndicka,Ivory Coast,"2,91 M",2910000.0,13,https://st.clubcomunio.com/p/371149-0.jpg
Freuler,Switzerland,"2,91 M",2910000.0,13,https://st.clubcomunio.com/p/148252-1.jpg
Taremi,Iran,"2,90 M",2900000.0,13,https://st.clubcomunio.com/p/307058-0.jpg
Tanaka,Japan,"2,90 M",2900000.0,13,https://st.clubcomunio.com/p/489359-0.jpg
Saelemaekers,Belgium,"2,88 M",2880000.0,13,https://st.clubcomunio.com/p/381950-0.jpg
Giménez,Uruguay,"2,88 M",2880000.0,13,https://st.clubcomunio.com/p/250845-4.jpg
Østigård,Norway,"2,84 M",2840000.0,12,https://st.clubcomunio.com/p/367284-0.jpg
Nakamura,Japan,"2,82 M",2820000.0,12,https://st.clubcomunio.com/p/405397-0.jpg
Álex Baena,Spain,"2,81 M",2810000.0,12,https://st.clubcomunio.com/p/548111-1.jpg
Stiller,Germany,"2,79 M",2790000.0,12,https://st.clubcomunio.com/p/443710-0.jpg
McGinn,Scotland,"2,79 M",2790000.0,12,https://st.clubcomunio.com/p/193116-2.jpg
Skhiri,Tunisia,"2,78 M",2780000.0,12,https://st.clubcomunio.com/p/290587-2.jpg
Meunier,Belgium,"2,76 M",2760000.0,12,https://st.clubcomunio.com/p/100986-1.jpg
Lukebakio,Belgium,"2,76 M",2760000.0,12,https://st.clubcomunio.com/p/303259-2.jpg
Lienhart,Austria,"2,73 M",2730000.0,12,https://st.clubcomunio.com/p/225657-0.jpg
Conceiçao,Portugal,"2,71 M",2710000.0,12,https://st.clubcomunio.com/p/487474-0.jpg
Davies,Canada,"2,70 M",2700000.0,12,https://st.clubcomunio.com/p/424204-1.jpg
Ferguson,Scotland,"2,70 M",2700000.0,12,https://st.clubcomunio.com/p/428563-0.jpg
Manzambi,Switzerland,"2,70 M",2700000.0,12,https://st.clubcomunio.com/p/927353.jpg
Theate,Belgium,"2,69 M",2690000.0,12,https://st.clubcomunio.com/p/368891-0.jpg
Schmid,Austria,"2,68 M",2680000.0,12,https://st.clubcomunio.com/p/346853-0.jpg
H. Ito,Japan,"2,68 M",2680000.0,12,https://st.clubcomunio.com/p/353892-0.jpg
Alex Sandro,Brazil,"2,67 M",2670000.0,12,https://st.clubcomunio.com/p/808509-0.jpg
Krejci,Czech Republic,"2,67 M",2670000.0,12,https://st.clubcomunio.com/p/345911.jpg
Svensson,Sweden,"2,66 M",2660000.0,12,https://st.clubcomunio.com/p/579287.jpg
Almada,Argentina,"2,62 M",2620000.0,12,https://st.clubcomunio.com/p/576028.jpg
Bensebaini,Algeria,"2,60 M",2600000.0,12,https://st.clubcomunio.com/p/284732-0.jpg
Bentancur,Uruguay,"2,59 M",2590000.0,12,https://st.clubcomunio.com/p/354362-2.jpg
Kaishu Sano,Japan,"2,55 M",2550000.0,12,https://st.clubcomunio.com/p/643574.jpg
Ajer,Norway,"2,54 M",2540000.0,12,https://st.clubcomunio.com/p/328658-1.jpg
Renato Veiga,Portugal,"2,54 M",2540000.0,12,https://st.clubcomunio.com/p/805714-0.jpg
Niakhaté,Senegal,"2,52 M",2520000.0,12,https://st.clubcomunio.com/p/291200-1.jpg
Thorstvedt,Norway,"2,51 M",2510000.0,12,https://st.clubcomunio.com/p/564785-0.jpg
Z.Suzuki,Japan,"2,50 M",2500000.0,12,https://st.clubcomunio.com/p/432298.jpg
Koulibaly,Senegal,"2,50 M",2500000.0,12,https://st.clubcomunio.com/p/93128-2.jpg
Raya,Spain,"2,50 M",2500000.0,12,https://st.clubcomunio.com/p/262749-0.jpg
Rodriguez,Switzerland,"2,50 M",2500000.0,12,https://st.clubcomunio.com/p/86784-0.jpg
Endo,Japan,"2,49 M",2490000.0,12,https://st.clubcomunio.com/p/146310-0.jpg
Brown,Germany,"2,48 M",2480000.0,12,https://st.clubcomunio.com/p/691892.jpg
G. Varela,Uruguay,"2,47 M",2470000.0,12,https://st.clubcomunio.com/p/188862-0.jpg
Coufal,Czech Republic,"2,46 M",2460000.0,12,https://st.clubcomunio.com/p/157672-0.jpg
J. Ito,Japan,"2,46 M",2460000.0,12,https://st.clubcomunio.com/p/348791-0.jpg
Maza,Algeria,"2,43 M",2430000.0,12,https://st.clubcomunio.com/p/905011.jpg
Posch,Austria,"2,43 M",2430000.0,12,https://st.clubcomunio.com/p/223974-0.jpg
Thiago,Brazil,"2,42 M",2420000.0,12,https://st.clubcomunio.com/p/739443.jpg
Sulc,Czech Republic,"2,42 M",2420000.0,12,https://st.clubcomunio.com/p/500053.jpg
Ordoñez,Ecuador,"2,42 M",2420000.0,12,https://st.clubcomunio.com/p/893661.jpg
M. Nunes,Portugal,"2,41 M",2410000.0,12,https://st.clubcomunio.com/p/601883-0.jpg
Digne,France,"2,40 M",2400000.0,12,https://st.clubcomunio.com/p/126664-1.jpg
Sanabria,Paraguay,"2,40 M",2400000.0,12,https://st.clubcomunio.com/p/234523-1.jpg
E. Mendy,Senegal,"2,39 M",2390000.0,12,https://st.clubcomunio.com/p/442531-1.jpg
Ozan Kabak,Turkey,"2,38 M",2380000.0,12,https://st.clubcomunio.com/p/361260-0.jpg
A. Robinson,USA,"2,38 M",2380000.0,12,https://st.clubcomunio.com/p/349701-1.jpg
Baumann,Germany,"2,37 M",2370000.0,12,https://st.clubcomunio.com/p/55089-0.jpg
Muharemovic,Bosnia-Herzegovina,"2,35 M",2350000.0,11,https://st.clubcomunio.com/p/679423.jpg
Diop,Morocco,"2,33 M",2330000.0,11,https://st.clubcomunio.com/p/272622-1.jpg
Debast,Belgium,"2,32 M",2320000.0,11,https://st.clubcomunio.com/p/548193-0.jpg
E. Diouf,Senegal,"2,32 M",2320000.0,11,https://st.clubcomunio.com/p/1111589-0.jpg
Watkins,England,"2,31 M",2310000.0,11,https://st.clubcomunio.com/p/324358-0.jpg
Cucho Hernandez,Colombia,"2,29 M",2290000.0,11,https://st.clubcomunio.com/p/459463-1.jpg
J.Ayew,Ghana,"2,29 M",2290000.0,11,https://st.clubcomunio.com/p/108354-1.jpg
Widmer,Switzerland,"2,29 M",2290000.0,11,https://st.clubcomunio.com/p/168989-0.jpg
Vasilj,Bosnia-Herzegovina,"2,26 M",2260000.0,11,https://st.clubcomunio.com/p/248454.jpg
N. Semedo,Portugal,"2,26 M",2260000.0,11,https://st.clubcomunio.com/p/231572-1.jpg
Pape Sarr,Senegal,"2,23 M",2230000.0,11,https://st.clubcomunio.com/p/568693-0.jpg
Guessand,Ivory Coast,"2,19 M",2190000.0,11,https://st.clubcomunio.com/p/500689-0.jpg
Edson Álvarez,Mexico,"2,19 M",2190000.0,11,https://st.clubcomunio.com/p/401356-1.jpg
Kolasinac,Bosnia-Herzegovina,"2,18 M",2180000.0,11,https://st.clubcomunio.com/p/94005-2.jpg
Lindelof,Sweden,"2,18 M",2180000.0,11,https://st.clubcomunio.com/p/184573-3.jpg
Aursnes,Norway,"2,17 M",2170000.0,11,https://st.clubcomunio.com/p/223367-0.jpg
Almirón,Paraguay,"2,16 M",2160000.0,11,https://st.clubcomunio.com/p/272999-1.jpg
Vlasic,Croatia,"2,14 M",2140000.0,11,https://st.clubcomunio.com/p/293200-2.jpg
Chaibi,Algeria,"2,11 M",2110000.0,11,https://st.clubcomunio.com/p/855015-0.jpg
Jae-sung Lee,South Korea,"2,11 M",2110000.0,11,https://st.clubcomunio.com/p/314398-1.jpg
Alderete,Paraguay,"2,10 M",2100000.0,11,https://st.clubcomunio.com/p/353032-0.jpg
Reyna,USA,"2,10 M",2100000.0,11,https://st.clubcomunio.com/p/504215-2.jpg
Hien,Sweden,"2,09 M",2089999.9999999998,11,https://st.clubcomunio.com/p/503075-0.jpg
Chukwuemeka,Austria,"2,08 M",2080000.0,11,https://st.clubcomunio.com/p/659459-0.jpg
Leweling,Germany,"2,07 M",2069999.9999999998,11,https://st.clubcomunio.com/p/518505-0.jpg
Amoura,Algeria,"2,06 M",2060000.0,11,https://st.clubcomunio.com/p/746910.jpg
Mojica,Colombia,"2,06 M",2060000.0,11,https://st.clubcomunio.com/p/262939-2.jpg
Y. Ayari,Sweden,"2,06 M",2060000.0,11,https://st.clubcomunio.com/p/667287.jpg
I. Kone,Canada,"2,05 M",2049999.9999999998,11,https://st.clubcomunio.com/p/921655-0.jpg
Strand Larsen,Norway,"2,05 M",2049999.9999999998,11,https://st.clubcomunio.com/p/429983-0.jpg
Enciso,Paraguay,"2,05 M",2049999.9999999998,11,https://st.clubcomunio.com/p/660867-0.jpg
Khusanov,Uzbekistan,"2,05 M",2049999.9999999998,11,https://st.clubcomunio.com/p/763079-0.jpg
Estupiñán,Ecuador,"2,04 M",2040000.0,11,https://st.clubcomunio.com/p/349599-1.jpg
Zeki Çelik,Turkey,"2,04 M",2040000.0,11,https://st.clubcomunio.com/p/251075-0.jpg
Sangaré,Ivory Coast,"2,01 M",2009999.9999999998,11,https://st.clubcomunio.com/p/375885-0.jpg
Dédic,Bosnia-Herzegovina,"1,99 M",1990000.0,11,https://st.clubcomunio.com/p/519184-0.jpg
Kossounou,Ivory Coast,"1,96 M",1960000.0,11,https://st.clubcomunio.com/p/644771-0.jpg
Wimmer,Austria,"1,93 M",1930000.0,11,https://st.clubcomunio.com/p/533295-0.jpg
Brian Gutiérrez,Mexico,"1,93 M",1930000.0,11,https://st.clubcomunio.com/p/724443.jpg
Rochet,Uruguay,"1,93 M",1930000.0,11,https://st.clubcomunio.com/p/264014-0.jpg
Alvarado,Mexico,"1,92 M",1920000.0,11,https://st.clubcomunio.com/p/353583-0.jpg
Bobb,Norway,"1,92 M",1920000.0,11,https://st.clubcomunio.com/p/661207.jpg
Aouar,Algeria,"1,91 M",1910000.0,11,https://st.clubcomunio.com/p/395693-2.jpg
Madueke,England,"1,91 M",1910000.0,11,https://st.clubcomunio.com/p/503987-1.jpg
Pathé Ciss,Senegal,"1,90 M",1900000.0,11,https://st.clubcomunio.com/p/525578-1.jpg
Wanner,Austria,"1,89 M",1890000.0,11,https://st.clubcomunio.com/p/900909-0.jpg
Oulai,Ivory Coast,"1,89 M",1890000.0,11,https://st.clubcomunio.com/p/1279526.jpg
Adingra,Ivory Coast,"1,89 M",1890000.0,11,https://st.clubcomunio.com/p/658536-0.jpg
van Hecke,Netherlands,"1,89 M",1890000.0,11,https://st.clubcomunio.com/p/576314-0.jpg
Hyeon-gyu Oh,South Korea,"1,89 M",1890000.0,11,https://st.clubcomunio.com/p/639246-0.jpg
Lucumí,Colombia,"1,88 M",1880000.0,11,https://st.clubcomunio.com/p/413565-1.jpg
Diego Gómez,Paraguay,"1,87 M",1870000.0,10,https://st.clubcomunio.com/p/996897.jpg
Irvine,Australia,"1,86 M",1860000.0,10,https://st.clubcomunio.com/p/192557.jpg
Wissa,DR Congo,"1,86 M",1860000.0,10,https://st.clubcomunio.com/p/388165-0.jpg
Witsel,Belgium,"1,85 M",1850000.0,10,https://st.clubcomunio.com/p/35047-2.jpg
Baturina,Croatia,"1,82 M",1820000.0,10,https://st.clubcomunio.com/p/580451-0.jpg
Nyland,Norway,"1,82 M",1820000.0,10,https://st.clubcomunio.com/p/73517-0.jpg
Gustavo Gomez,Paraguay,"1,82 M",1820000.0,10,https://st.clubcomunio.com/p/215390.jpg
Weah,USA,"1,82 M",1820000.0,10,https://st.clubcomunio.com/p/370846-0.jpg
De Winter,Belgium,"1,81 M",1810000.0,10,https://st.clubcomunio.com/p/490384-0.jpg
Hee-chan Hwang,South Korea,"1,80 M",1800000.0,10,https://st.clubcomunio.com/p/292246-1.jpg
Mert Müldür,Turkey,"1,80 M",1800000.0,10,https://st.clubcomunio.com/p/353922-0.jpg
Katic,Bosnia-Herzegovina,"1,79 M",1790000.0,10,https://st.clubcomunio.com/p/422051.jpg
Gouiri,Algeria,"1,78 M",1780000.0,10,https://st.clubcomunio.com/p/418659-0.jpg
Rangel,Mexico,"1,78 M",1780000.0,10,https://st.clubcomunio.com/p/802855.jpg
Hranac,Czech Republic,"1,74 M",1740000.0,10,https://st.clubcomunio.com/p/620217.jpg
Trézéguet,Egypt,"1,74 M",1740000.0,10,https://st.clubcomunio.com/p/234189-0.jpg
C. Montes,Mexico,"1,74 M",1740000.0,10,https://st.clubcomunio.com/p/387687-0.jpg
Mwene,Austria,"1,73 M",1730000.0,10,https://st.clubcomunio.com/p/127573-0.jpg
Oluwaseyi,Canada,"1,73 M",1730000.0,10,https://st.clubcomunio.com/p/972465.jpg
Galindez,Ecuador,"1,73 M",1730000.0,10,https://st.clubcomunio.com/p/77127-0.jpg
Singo,Ivory Coast,"1,71 M",1710000.0,10,https://st.clubcomunio.com/p/648779-0.jpg
Santiago Giménez,Mexico,"1,71 M",1710000.0,10,https://st.clubcomunio.com/p/552955-0.jpg
El Aynaoui,Morocco,"1,71 M",1710000.0,10,https://st.clubcomunio.com/p/901019-0.jpg
Wolfe,Norway,"1,70 M",1700000.0,10,https://st.clubcomunio.com/p/661427.jpg
C. Vargas,Colombia,"1,69 M",1690000.0,10,https://st.clubcomunio.com/p/74113.jpg
Groß,Germany,"1,69 M",1690000.0,10,https://st.clubcomunio.com/p/82873-2.jpg
Ryan,Australia,"1,68 M",1680000.0,10,https://st.clubcomunio.com/p/128969-2.jpg
Tomiyasu,Japan,"1,68 M",1680000.0,10,https://st.clubcomunio.com/p/331560-1.jpg
Caleta-Car,Croatia,"1,67 M",1670000.0,10,https://st.clubcomunio.com/p/238266-1.jpg
Provod,Czech Republic,"1,67 M",1670000.0,10,https://st.clubcomunio.com/p/292779.jpg
G. Doue,Ivory Coast,"1,67 M",1670000.0,10,https://st.clubcomunio.com/p/711980-0.jpg
Castrop,South Korea,"1,67 M",1670000.0,10,https://st.clubcomunio.com/p/613192.jpg
Muslera,Uruguay,"1,67 M",1670000.0,10,https://st.clubcomunio.com/p/58088-1.jpg
Diatta,Senegal,"1,66 M",1660000.0,10,https://st.clubcomunio.com/p/490426-0.jpg
Gusto,France,"1,64 M",1640000.0,10,https://st.clubcomunio.com/p/620322-1.jpg
Bremer,Brazil,"1,63 M",1630000.0,10,https://st.clubcomunio.com/p/516716-0.jpg
Luiz Henrique,Brazil,"1,63 M",1630000.0,10,https://st.clubcomunio.com/p/800175-0.jpg
Marco Pasalic,Croatia,"1,63 M",1630000.0,10,https://st.clubcomunio.com/p/395928.jpg
P. Berg,Norway,"1,63 M",1630000.0,10,https://st.clubcomunio.com/p/308439-0.jpg
Tabakovic,Bosnia-Herzegovina,"1,61 M",1610000.0,10,https://st.clubcomunio.com/p/203123.jpg
Okafor,Switzerland,"1,61 M",1610000.0,10,https://st.clubcomunio.com/p/346890-0.jpg
Mandi,Algeria,"1,60 M",1600000.0,10,https://st.clubcomunio.com/p/80293-2.jpg
Affengruber,Austria,"1,60 M",1600000.0,10,https://st.clubcomunio.com/p/452483.jpg
Vanaken,Belgium,"1,59 M",1590000.0,10,https://st.clubcomunio.com/p/137576-0.jpg
Danso,Austria,"1,58 M",1580000.0,10,https://st.clubcomunio.com/p/263236-0.jpg
Eustaquio,Canada,"1,58 M",1580000.0,10,https://st.clubcomunio.com/p/512913-0.jpg
Lucas Hernández,France,"1,58 M",1580000.0,10,https://st.clubcomunio.com/p/281963-4.jpg
T. Livramento,England,"1,57 M",1570000.0,10,https://st.clubcomunio.com/p/503981-0.jpg
Pubill,Spain,"1,57 M",1570000.0,10,https://st.clubcomunio.com/p/844637-1.jpg
A. Schlager,Austria,"1,56 M",1560000.0,10,https://st.clubcomunio.com/p/186374-0.jpg
Bakambu,DR Congo,"1,56 M",1560000.0,10,https://st.clubcomunio.com/p/127048-2.jpg
Brobbey,Netherlands,"1,56 M",1560000.0,10,https://st.clubcomunio.com/p/473169-0.jpg
Christie,Scotland,"1,56 M",1560000.0,10,https://st.clubcomunio.com/p/188077-0.jpg
Amiri,Germany,"1,55 M",1550000.0,10,https://st.clubcomunio.com/p/232454-0.jpg
Yeremy Pino,Spain,"1,55 M",1550000.0,10,https://st.clubcomunio.com/p/568157-3.jpg
Viñas,Uruguay,"1,55 M",1550000.0,10,https://st.clubcomunio.com/p/578419.jpg
Lo Celso,Argentina,"1,54 M",1540000.0,10,https://st.clubcomunio.com/p/348795-2.jpg
Jorge Sánchez,Mexico,"1,54 M",1540000.0,10,https://st.clubcomunio.com/p/356044-0.jpg
Adams,Scotland,"1,54 M",1540000.0,10,https://st.clubcomunio.com/p/346779-0.jpg
Wan-Bissaka,DR Congo,"1,53 M",1530000.0,10,https://st.clubcomunio.com/p/477758-2.jpg
J. Yeboah,Ecuador,"1,53 M",1530000.0,10,https://st.clubcomunio.com/p/439914.jpg
Beier,Germany,"1,53 M",1530000.0,10,https://st.clubcomunio.com/p/578392-0.jpg
L. Camara,Senegal,"1,53 M",1530000.0,10,https://st.clubcomunio.com/p/918969-0.jpg
Fabinho,Brazil,"1,52 M",1520000.0,10,https://st.clubcomunio.com/p/225693-2.jpg
Trincao,Portugal,"1,52 M",1520000.0,10,https://st.clubcomunio.com/p/412669-1.jpg
McKenna,Scotland,"1,52 M",1520000.0,10,https://st.clubcomunio.com/p/255906-1.jpg
Schjelderup,Norway,"1,51 M",1510000.0,10,https://st.clubcomunio.com/p/670103-0.jpg
H. Diarra,Senegal,"1,51 M",1510000.0,10,https://st.clubcomunio.com/p/876631-0.jpg
Angulo,Ecuador,"1,50 M",1500000.0,10,https://st.clubcomunio.com/p/903611-0.jpg
Han-beom Lee,South Korea,"1,50 M",1500000.0,10,https://st.clubcomunio.com/p/706963.jpg
Heggem,Norway,"1,48 M",1480000.0,10,https://st.clubcomunio.com/p/464469.jpg
Hauge,Norway,"1,48 M",1480000.0,10,https://st.clubcomunio.com/p/422355-0.jpg
Larin,Canada,"1,47 M",1470000.0,10,https://st.clubcomunio.com/p/343463-0.jpg
Richards,USA,"1,47 M",1470000.0,10,https://st.clubcomunio.com/p/578539-0.jpg
Joan García,Spain,"1,46 M",1460000.0,10,https://st.clubcomunio.com/p/561613-0.jpg
D. Zakaria,Switzerland,"1,45 M",1450000.0,10,https://st.clubcomunio.com/p/334526-1.jpg
Pellistri,Uruguay,"1,45 M",1450000.0,10,https://st.clubcomunio.com/p/676318-2.jpg
Bajraktarevic,Bosnia-Herzegovina,"1,41 M",1410000.0,10,https://st.clubcomunio.com/p/925862.jpg
Darida,Czech Republic,"1,41 M",1410000.0,10,https://st.clubcomunio.com/p/179643-0.jpg
Aebischer,Switzerland,"1,41 M",1410000.0,10,https://st.clubcomunio.com/p/237658-0.jpg
Hickey,Scotland,"1,40 M",1400000.0,10,https://st.clubcomunio.com/p/591949-0.jpg
Jakobs,Senegal,"1,40 M",1400000.0,10,https://st.clubcomunio.com/p/375137-2.jpg
In-beom Hwang,South Korea,"1,40 M",1400000.0,10,https://st.clubcomunio.com/p/365394-0.jpg
Nico González,Argentina,"1,39 M",1390000.0,10,https://st.clubcomunio.com/p/486031-0.jpg
S. Al-Dawsari,Saudi Arabia,"1,39 M",1390000.0,10,https://st.clubcomunio.com/p/195332-0.jpg
Fidalgo,Mexico,"1,36 M",1360000.0,9,https://st.clubcomunio.com/p/261503.jpg
Wood,New Zealand,"1,35 M",1350000.0,9,https://st.clubcomunio.com/p/108725-1.jpg
Mejbri,Tunisia,"1,35 M",1350000.0,9,https://st.clubcomunio.com/p/607224-1.jpg
Gilberto Mora,Mexico,"1,33 M",1330000.0,9,https://st.clubcomunio.com/p/1155723.jpg
McKenzie,USA,"1,30 M",1300000.0,9,https://st.clubcomunio.com/p/429259.jpg
Rahimi,Morocco,"1,29 M",1290000.0,9,https://st.clubcomunio.com/p/598506-0.jpg
Yerry Mina,Colombia,"1,28 M",1280000.0,9,https://st.clubcomunio.com/p/289446-2.jpg
Hany,Egypt,"1,27 M",1270000.0,9,https://st.clubcomunio.com/p/343974.jpg
Matanovic,Croatia,"1,26 M",1260000.0,9,https://st.clubcomunio.com/p/605268.jpg
Víctor Muñoz,Spain,"1,26 M",1260000.0,9,https://st.clubcomunio.com/p/935231.jpg
Shomurodov,Uzbekistan,"1,26 M",1260000.0,9,https://st.clubcomunio.com/p/358166-0.jpg
Danilo,Brazil,"1,25 M",1250000.0,9,https://st.clubcomunio.com/p/145707-2.jpg
M. Sarr,Senegal,"1,25 M",1250000.0,9,https://st.clubcomunio.com/p/910905-1.jpg
Foster,South Africa,"1,25 M",1250000.0,9,https://st.clubcomunio.com/p/467623-0.jpg
Bergvall,Sweden,"1,25 M",1250000.0,9,https://st.clubcomunio.com/p/866246.jpg
Kluivert,Netherlands,"1,24 M",1240000.0,9,https://st.clubcomunio.com/p/330659-1.jpg
A. Johnston,Canada,"1,21 M",1210000.0,9,https://st.clubcomunio.com/p/637446-1.jpg
Douglas Santos,Brazil,"1,20 M",1200000.0,9,https://st.clubcomunio.com/p/220793.jpg
Tamari,Jordan,"1,20 M",1200000.0,9,https://st.clubcomunio.com/p/551505-0.jpg
Plata,Ecuador,"1,19 M",1190000.0,9,https://st.clubcomunio.com/p/592735-0.jpg
Quiñones,Mexico,"1,19 M",1190000.0,9,https://st.clubcomunio.com/p/416090.jpg
Gudmondsson,Sweden,"1,19 M",1190000.0,9,https://st.clubcomunio.com/p/362108-0.jpg
Y. Fofana,Ivory Coast,"1,17 M",1170000.0,9,https://st.clubcomunio.com/p/418651-1.jpg
Agbadou,Ivory Coast,"1,17 M",1170000.0,9,https://st.clubcomunio.com/p/683895-0.jpg
Canobbio,Uruguay,"1,17 M",1170000.0,9,https://st.clubcomunio.com/p/457533-0.jpg
Hlozek,Czech Republic,"1,16 M",1160000.0,9,https://st.clubcomunio.com/p/552057-0.jpg
Guedes,Portugal,"1,16 M",1160000.0,9,https://st.clubcomunio.com/p/225122-2.jpg
Vega,Mexico,"1,15 M",1150000.0,9,https://st.clubcomunio.com/p/424689-0.jpg
Jhon Córdoba,Colombia,"1,14 M",1140000.0,9,https://st.clubcomunio.com/p/185245-1.jpg
Watanabe,Japan,"1,14 M",1140000.0,9,https://st.clubcomunio.com/p/598791.jpg
Lagerbielke,Sweden,"1,14 M",1140000.0,9,https://st.clubcomunio.com/p/485395-0.jpg
Pepi,USA,"1,14 M",1140000.0,9,https://st.clubcomunio.com/p/627207-0.jpg
Bonny,Ivory Coast,"1,14 M",1140000.0,9,https://st.clubcomunio.com/p/827734.jpg
Pongracic,Croatia,"1,13 M",1130000.0,9,https://st.clubcomunio.com/p/282144-0.jpg
Y. Suzuki,Japan,"1,12 M",1120000.0,9,https://st.clubcomunio.com/p/668606.jpg
Karlstrom,Sweden,"1,11 M",1110000.0,9,https://st.clubcomunio.com/p/222855.jpg
Lira,Mexico,"1,10 M",1100000.0,9,https://st.clubcomunio.com/p/602324-0.jpg
Sibo,Ghana,"1,09 M",1090000.0,9,https://st.clubcomunio.com/p/538006-0.jpg
Lang,Netherlands,"1,09 M",1090000.0,9,https://st.clubcomunio.com/p/339332-0.jpg
Salih Özcan,Turkey,"1,09 M",1090000.0,9,https://st.clubcomunio.com/p/244940-0.jpg
Deniz Gül,Turkey,"1,08 M",1080000.0,9,https://st.clubcomunio.com/p/1063292.jpg
Éderson,Brazil,"1,07 M",1070000.0,9,https://st.clubcomunio.com/p/607854-0.jpg
Wahi,Ivory Coast,"1,07 M",1070000.0,9,https://st.clubcomunio.com/p/659542-0.jpg
Zizo,Egypt,"1,06 M",1060000.0,9,https://st.clubcomunio.com/p/320722.jpg
Crepeau,Canada,"1,04 M",1040000.0,9,https://st.clubcomunio.com/p/189014-0.jpg
Summervile,Netherlands,1 M,1000000.0,9,https://st.clubcomunio.com/p/474701-0.jpg
Bentaleb,Algeria,990 K,990000.0,9,https://st.clubcomunio.com/p/245537-1.jpg
Anton,Germany,970 K,970000.0,9,https://st.clubcomunio.com/p/344069-0.jpg
B. Touré,Ivory Coast,960 K,960000.0,9,https://st.clubcomunio.com/p/1067904.jpg
Ream,USA,940 K,940000.0,9,https://st.clubcomunio.com/p/145466-0.jpg
Moussa,Algeria,930 K,930000.0,9,https://st.clubcomunio.com/p/917911.jpg
Gallardo,Mexico,930 K,930000.0,9,https://st.clubcomunio.com/p/344854-0.jpg
Starfelt,Sweden,910 K,910000.0,9,https://st.clubcomunio.com/p/258987-0.jpg
Luca Zidane,Algeria,900 K,900000.0,9,https://st.clubcomunio.com/p/283489-1.jpg
Grillitsch,Austria,890 K,890000.0,8,https://st.clubcomunio.com/p/195736-0.jpg
Sidny Cabral,Cape Verde,890 K,890000.0,8,https://st.clubcomunio.com/p/611855.jpg
L. Sucic,Croatia,890 K,890000.0,8,https://st.clubcomunio.com/p/502722-0.jpg
Borja Iglesias,Spain,890 K,890000.0,8,https://st.clubcomunio.com/p/278359-2.jpg
J. Henderson,England,880 K,880000.0,8,https://st.clubcomunio.com/p/61651-2.jpg
S. Fofana,Ivory Coast,880 K,880000.0,8,https://st.clubcomunio.com/p/182893-0.jpg
Mokoena,South Africa,880 K,880000.0,8,https://st.clubcomunio.com/p/436372.jpg
Barco,Argentina,880 K,880000.0,8,https://st.clubcomunio.com/p/849410.jpg
Franco,Ecuador,870 K,870000.0,8,https://st.clubcomunio.com/p/400960-0.jpg
Adjetey,Ghana,860 K,860000.0,8,https://st.clubcomunio.com/p/734676.jpg
Obed Vargas,Mexico,860 K,860000.0,8,https://st.clubcomunio.com/p/889435.jpg
Q. Timber,Netherlands,860 K,860000.0,8,https://st.clubcomunio.com/p/420213-0.jpg
Bobadilla,Paraguay,860 K,860000.0,8,https://st.clubcomunio.com/p/861852.jpg
R. Williams,South Africa,860 K,860000.0,8,https://st.clubcomunio.com/p/175577.jpg
Ezatolahi,Iran,850 K,850000.0,8,https://st.clubcomunio.com/p/249271-0.jpg
Beiranvand,Iran,840 K,840000.0,8,https://st.clubcomunio.com/p/229081-0.jpg
De la Cruz,Uruguay,840 K,840000.0,8,https://st.clubcomunio.com/p/397458-0.jpg
O'Neill,Australia,830 K,830000.0,8,https://st.clubcomunio.com/p/385918.jpg
Freese,USA,830 K,830000.0,8,https://st.clubcomunio.com/p/500309.jpg
Toney,England,830 K,830000.0,8,https://st.clubcomunio.com/p/251664-0.jpg
Kalajdžić,Austria,820 K,820000.0,8,https://st.clubcomunio.com/p/369567-2.jpg
Ederson,Brazil,820 K,820000.0,8,https://st.clubcomunio.com/p/238223-2.jpg
Riad,Morocco,820 K,820000.0,8,https://st.clubcomunio.com/p/689637.jpg
Weghorst,Netherlands,820 K,820000.0,8,https://st.clubcomunio.com/p/228645-2.jpg
Thorsby,Norway,820 K,820000.0,8,https://st.clubcomunio.com/p/226524-0.jpg
A. Diao,Senegal,820 K,820000.0,8,https://st.clubcomunio.com/p/1061282-0.jpg
Tuanzebe,DR Congo,800 K,800000.0,8,https://st.clubcomunio.com/p/342046-0.jpg
Fathy,Egypt,790 K,790000.0,8,https://st.clubcomunio.com/p/340303.jpg
Spence,England,790 K,790000.0,8,https://st.clubcomunio.com/p/483348-0.jpg
Tierney,Scotland,790 K,790000.0,8,https://st.clubcomunio.com/p/300716-1.jpg
Doak,Scotland,790 K,790000.0,8,https://st.clubcomunio.com/p/719673.jpg
O. Diomande,Ivory Coast,780 K,780000.0,8,https://st.clubcomunio.com/p/974982.jpg
Eren Elmalı,Turkey,780 K,780000.0,8,https://st.clubcomunio.com/p/616894.jpg
Shobeir,Egypt,770 K,770000.0,8,https://st.clubcomunio.com/p/661455.jpg
Turner,USA,770 K,770000.0,8,https://st.clubcomunio.com/p/425306-1.jpg
Ngoy,Belgium,760 K,760000.0,8,https://st.clubcomunio.com/p/548254.jpg
Laryea,Canada,760 K,760000.0,8,https://st.clubcomunio.com/p/417348-0.jpg
Seri,Ivory Coast,760 K,760000.0,8,https://st.clubcomunio.com/p/178614-1.jpg
Irankunda,Australia,750 K,750000.0,8,https://st.clubcomunio.com/p/956920.jpg
R. Mendes,Cape Verde,750 K,750000.0,8,https://st.clubcomunio.com/p/111627.jpg
Akliouche,France,750 K,750000.0,8,https://st.clubcomunio.com/p/745200-0.jpg
Mateta,France,750 K,750000.0,8,https://st.clubcomunio.com/p/420002-1.jpg
Hato,Netherlands,750 K,750000.0,8,https://st.clubcomunio.com/p/904802.jpg
Junior Alonso,Paraguay,740 K,740000.0,8,https://st.clubcomunio.com/p/273000.jpg
Israel Reyes,Mexico,730 K,730000.0,8,https://st.clubcomunio.com/p/687558-0.jpg
Bouaddi,Morocco,720 K,720000.0,8,https://st.clubcomunio.com/p/1097139.jpg
Konan,Ivory Coast,700 K,700000.0,8,https://st.clubcomunio.com/p/422850-0.jpg
Afif,Qatar,700 K,700000.0,8,https://st.clubcomunio.com/p/336646-1.jpg
Abdullaev,Uzbekistan,700 K,700000.0,8,https://st.clubcomunio.com/p/570272.jpg
Tahirovic,Bosnia-Herzegovina,690 K,690000.0,8,https://st.clubcomunio.com/p/787907-0.jpg
Musa,Croatia,690 K,690000.0,8,https://st.clubcomunio.com/p/387110-0.jpg
Mbemba,DR Congo,690 K,690000.0,8,https://st.clubcomunio.com/p/203348-0.jpg
Hendry,Scotland,690 K,690000.0,8,https://st.clubcomunio.com/p/363223-0.jpg
Mpasi,DR Congo,680 K,680000.0,8,https://st.clubcomunio.com/p/164915.jpg
Isidor,Haiti,680 K,680000.0,8,https://st.clubcomunio.com/p/494237.jpg
Sugawara,Japan,680 K,680000.0,8,https://st.clubcomunio.com/p/405385.jpg
Gunn,Scotland,680 K,680000.0,8,https://st.clubcomunio.com/p/201574-0.jpg
İrfan Can Kahveci,Turkey,680 K,680000.0,8,https://st.clubcomunio.com/p/216603.jpg
P. David,Canada,650 K,650000.0,8,https://st.clubcomunio.com/p/888785.jpg
Geertruida,Netherlands,650 K,650000.0,8,https://st.clubcomunio.com/p/420210-0.jpg
J. Cáceres,Paraguay,650 K,650000.0,8,https://st.clubcomunio.com/p/756494.jpg
Circati,Australia,640 K,640000.0,8,https://st.clubcomunio.com/p/867137.jpg
Cornelius,Canada,640 K,640000.0,8,https://st.clubcomunio.com/p/328609-0.jpg
Bongonda,DR Congo,640 K,640000.0,8,https://st.clubcomunio.com/p/280701-3.jpg
Sow,Switzerland,640 K,640000.0,8,https://st.clubcomunio.com/p/212723-0.jpg
Khedira,Tunisia,640 K,640000.0,8,https://st.clubcomunio.com/p/124410-0.jpg
Hrustic,Australia,630 K,630000.0,8,https://st.clubcomunio.com/p/265625-0.jpg
Vite,Ecuador,630 K,630000.0,8,https://st.clubcomunio.com/p/659806.jpg
Ouedraogo,Germany,630 K,630000.0,8,https://st.clubcomunio.com/p/897424.jpg
A. Murillo,Panama,630 K,630000.0,8,https://st.clubcomunio.com/p/354482-0.jpg
I. Mbaye,Senegal,630 K,630000.0,8,https://st.clubcomunio.com/p/1185888-0.jpg
Danilo Oliveira,Brazil,630 K,630000.0,8,https://st.clubcomunio.com/p/808509-0.jpg
St. Clair,Canada,620 K,620000.0,8,https://st.clubcomunio.com/p/439750-0.jpg
Chaloupek,Czech Republic,620 K,620000.0,8,https://st.clubcomunio.com/p/944827.jpg
Chory,Czech Republic,620 K,620000.0,8,https://st.clubcomunio.com/p/198614-0.jpg
Ghoddos,Iran,620 K,620000.0,8,https://st.clubcomunio.com/p/204294-0.jpg
Freeman,USA,620 K,620000.0,8,https://st.clubcomunio.com/p/985806.jpg
S. Arias,Colombia,610 K,610000.0,8,https://st.clubcomunio.com/p/120443-1.jpg
Moutoussamy,DR Congo,610 K,610000.0,8,https://st.clubcomunio.com/p/353403-0.jpg
Thiaw,Germany,610 K,610000.0,8,https://st.clubcomunio.com/p/521964-0.jpg
A. Mendy,Senegal,610 K,610000.0,8,https://st.clubcomunio.com/p/891998-0.jpg
Rayan,Brazil,600 K,600000.0,8,https://st.clubcomunio.com/p/1012564.jpg
Ali Ahmed,Canada,600 K,600000.0,8,https://st.clubcomunio.com/p/995642.jpg
Yirenkyi,Ghana,600 K,600000.0,8,https://st.clubcomunio.com/p/1240763.jpg
Scally,USA,600 K,600000.0,8,https://st.clubcomunio.com/p/504153-0.jpg
Quintero,Colombia,590 K,590000.0,8,https://st.clubcomunio.com/p/122582.jpg
Nordfeldt,Sweden,590 K,590000.0,8,https://st.clubcomunio.com/p/75890-1.jpg
Kanno,Saudi Arabia,580 K,580000.0,8,https://st.clubcomunio.com/p/308120-0.jpg
Hanley,Scotland,580 K,580000.0,8,https://st.clubcomunio.com/p/121385-0.jpg
Montiel,Argentina,570 K,570000.0,8,https://st.clubcomunio.com/p/402733-0.jpg
Rabia,Egypt,570 K,570000.0,8,https://st.clubcomunio.com/p/172623.jpg
Mohebi,Iran,570 K,570000.0,8,https://st.clubcomunio.com/p/1066600.jpg
M. Chávez,Mexico,570 K,570000.0,8,https://st.clubcomunio.com/p/1066953-0.jpg
El Mourabet,Morocco,570 K,570000.0,8,https://st.clubcomunio.com/p/1130514.jpg
Talbi,Tunisia,570 K,570000.0,8,https://st.clubcomunio.com/p/496706-0.jpg
Boudaoui,Algeria,560 K,560000.0,8,https://st.clubcomunio.com/p/560593-0.jpg
Wagner Pina,Cape Verde,560 K,560000.0,8,https://st.clubcomunio.com/p/1072017.jpg
Pineda,Mexico,560 K,560000.0,8,https://st.clubcomunio.com/p/334042-0.jpg
Seung-gyu Kim,South Korea,560 K,560000.0,8,https://st.clubcomunio.com/p/92076-0.jpg
Samu Costa,Portugal,560 K,560000.0,8,https://st.clubcomunio.com/p/657430-0.jpg
C. Talbi,Morocco,560 K,560000.0,8,https://st.clubcomunio.com/p/743384.jpg
Raskin,Belgium,550 K,550000.0,8,https://st.clubcomunio.com/p/422763.jpg
J. Souttar,Scotland,550 K,550000.0,8,https://st.clubcomunio.com/p/235767-0.jpg
Fernández-Pardo,Belgium,550 K,550000.0,8,https://st.clubcomunio.com/p/724129.jpg
H. Souttar,Australia,550 K,550000.0,8,https://st.clubcomunio.com/p/298091.jpg
Tomás Araújo,Portugal,540 K,540000.0,8,https://st.clubcomunio.com/p/504087.jpg
Mofokeng,South Africa,540 K,540000.0,8,https://st.clubcomunio.com/p/1125037.jpg
Jashari,Switzerland,540 K,540000.0,8,https://st.clubcomunio.com/p/608172-0.jpg
Quansah,England,540 K,540000.0,8,https://st.clubcomunio.com/p/632349.jpg
Ibañez,Brazil,530 K,530000.0,8,https://st.clubcomunio.com/p/524481-0.jpg
Masuaku,DR Congo,530 K,530000.0,8,https://st.clubcomunio.com/p/181380-2.jpg
Mohammadi,Iran,530 K,530000.0,8,https://st.clubcomunio.com/p/333355-0.jpg
Maeda,Japan,530 K,530000.0,8,https://st.clubcomunio.com/p/420931-0.jpg
Cáceres,Uruguay,530 K,530000.0,8,https://st.clubcomunio.com/p/532389-0.jpg
Belghali,Algeria,520 K,520000.0,8,https://st.clubcomunio.com/p/864306.jpg
Y. Semedo,Cape Verde,520 K,520000.0,8,https://st.clubcomunio.com/p/620307.jpg
Burn,England,520 K,520000.0,8,https://st.clubcomunio.com/p/134270-1.jpg
Flekken,Netherlands,520 K,520000.0,8,https://st.clubcomunio.com/p/125714-0.jpg
Tambakti,Saudi Arabia,520 K,520000.0,8,https://st.clubcomunio.com/p/509897-0.jpg
Al-Buraikan,Saudi Arabia,520 K,520000.0,8,https://st.clubcomunio.com/p/631922-0.jpg
Young-woo Seol,South Korea,520 K,520000.0,8,https://st.clubcomunio.com/p/639414.jpg
R. Zalazar,Uruguay,520 K,520000.0,8,https://st.clubcomunio.com/p/606752-0.jpg
Ochoa,Mexico,510 K,510000.0,8,https://st.clubcomunio.com/p/29559-1.jpg
Yassine,Morocco,510 K,510000.0,8,https://st.clubcomunio.com/p/207834-3.jpg
Gill,Paraguay,510 K,510000.0,8,https://st.clubcomunio.com/p/643259.jpg
Appollis,South Africa,510 K,510000.0,8,https://st.clubcomunio.com/p/673381.jpg
F. Medina,Argentina,510 K,510000.0,8,https://st.clubcomunio.com/p/474800-0.jpg
Haissem Hassan,Egypt,500 K,500000.0,8,https://st.clubcomunio.com/p/620164-0.jpg
G. Mensah,Ghana,500 K,500000.0,8,https://st.clubcomunio.com/p/397171-0.jpg
Issahaku,Ghana,500 K,500000.0,8,https://st.clubcomunio.com/p/864121-0.jpg
Stamenic,New Zealand,500 K,500000.0,8,https://st.clubcomunio.com/p/617018-0.jpg
Çağlar Söyüncü,Turkey,490 K,490000.0,8,https://st.clubcomunio.com/p/320141-1.jpg
Metcalfe,Australia,480 K,480000.0,8,https://st.clubcomunio.com/p/522223-0.jpg
Friedl,Austria,480 K,480000.0,8,https://st.clubcomunio.com/p/156990-0.jpg
Logan Costa,Cape Verde,480 K,480000.0,8,https://st.clubcomunio.com/p/484988-0.jpg
Carrascal,Colombia,480 K,480000.0,8,https://st.clubcomunio.com/p/354145.jpg
Burgess,Australia,470 K,470000.0,8,https://st.clubcomunio.com/p/255788.jpg
Felix Torres,Ecuador,470 K,470000.0,8,https://st.clubcomunio.com/p/468174-0.jpg
Bellegarde,Haiti,470 K,470000.0,8,https://st.clubcomunio.com/p/450050-1.jpg
Jurasek,Czech Republic,460 K,460000.0,8,https://st.clubcomunio.com/p/500054.jpg
Sadiki,DR Congo,460 K,460000.0,8,https://st.clubcomunio.com/p/727089.jpg
Amdouni,Switzerland,460 K,460000.0,8,https://st.clubcomunio.com/p/548729-0.jpg
Piquerez,Uruguay,460 K,460000.0,8,https://st.clubcomunio.com/p/496268-0.jpg
Doski,Iraq,450 K,450000.0,8,https://st.clubcomunio.com/p/530527.jpg
Diego Moreira,Belgium,450 K,450000.0,8,https://st.clubcomunio.com/p/655006-0.jpg
Prass,Austria,440 K,440000.0,8,https://st.clubcomunio.com/p/434116.jpg
Nelson,Canada,440 K,440000.0,8,https://st.clubcomunio.com/p/dflt.png.jpg
N. Al-Dawsari,Saudi Arabia,440 K,440000.0,8,https://st.clubcomunio.com/p/195332-0.jpg
Mbozaki,South Africa,440 K,440000.0,8,https://st.clubcomunio.com/p/1378320.jpg
Okon,South Africa,440 K,440000.0,8,https://st.clubcomunio.com/p/1107265.jpg
Gharbi,Tunisia,440 K,440000.0,8,https://st.clubcomunio.com/p/810096-0.jpg
Zerrouki,Algeria,430 K,430000.0,8,https://st.clubcomunio.com/p/416660-0.jpg
Alajbegovic,Bosnia-Herzegovina,430 K,430000.0,8,https://st.clubcomunio.com/p/929994.jpg
Ashour,Egypt,430 K,430000.0,8,https://st.clubcomunio.com/p/604008.jpg
Iqbal,Iraq,430 K,430000.0,8,https://st.clubcomunio.com/p/686845.jpg
McLean,Scotland,430 K,430000.0,8,https://st.clubcomunio.com/p/126600-2.jpg
Seung-ho Paik,South Korea,430 K,430000.0,8,https://st.clubcomunio.com/p/282689-0.jpg
Nygren,Sweden,430 K,430000.0,8,https://st.clubcomunio.com/p/475949.jpg
Valery,Tunisia,430 K,430000.0,8,https://st.clubcomunio.com/p/406008-0.jpg
Nuno Da Costa,Cape Verde,420 K,420000.0,8,https://st.clubcomunio.com/p/306166-0.jpg
Opoku,Ghana,420 K,420000.0,8,https://st.clubcomunio.com/p/408563.jpg
Bindon,New Zealand,420 K,420000.0,8,https://st.clubcomunio.com/p/1007720.jpg
Chaouat,Tunisia,420 K,420000.0,8,https://st.clubcomunio.com/p/402087.jpg
Seidu,Ghana,410 K,410000.0,8,https://st.clubcomunio.com/p/798404-0.jpg
Gue-sung Cho,South Korea,410 K,410000.0,8,https://st.clubcomunio.com/p/652537-0.jpg
Fayzullaev,Uzbekistan,410 K,410000.0,8,https://st.clubcomunio.com/p/754037.jpg
W. Semedo,Cape Verde,400 K,400000.0,7,https://st.clubcomunio.com/p/531450.jpg
Elia,DR Congo,400 K,400000.0,7,https://st.clubcomunio.com/p/423678-0.jpg
Nübel,Germany,400 K,400000.0,7,https://st.clubcomunio.com/p/195778-0.jpg
Jahanbakhsh,Iran,400 K,400000.0,7,https://st.clubcomunio.com/p/213268-0.jpg
J. Adams,South Africa,400 K,400000.0,7,https://st.clubcomunio.com/p/804472.jpg
M. Robinson,USA,400 K,400000.0,7,https://st.clubcomunio.com/p/468022.jpg
Memic,Bosnia-Herzegovina,390 K,390000.0,7,https://st.clubcomunio.com/p/638990.jpg
Preciado,Ecuador,390 K,390000.0,7,https://st.clubcomunio.com/p/450241-0.jpg
Adu,Ghana,390 K,390000.0,7,https://st.clubcomunio.com/p/734799.jpg
Pedro Miguel,Qatar,390 K,390000.0,7,https://st.clubcomunio.com/p/228727-0.jpg
Samet Akaydın,Turkey,390 K,390000.0,7,https://st.clubcomunio.com/p/295024.jpg
Chong,Curacao,380 K,380000.0,7,https://st.clubcomunio.com/p/344830-0.jpg
Nemati,Iran,380 K,380000.0,7,https://st.clubcomunio.com/p/527092.jpg
Payne,New Zealand,380 K,380000.0,7,https://st.clubcomunio.com/p/149901.jpg
Barsham,Qatar,380 K,380000.0,7,https://st.clubcomunio.com/p/560423-0.jpg
Makgopa,South Africa,380 K,380000.0,7,https://st.clubcomunio.com/p/746781.jpg
Volpato,Australia,380 K,380000.0,7,https://st.clubcomunio.com/p/746891-0.jpg
Wieffer,Netherlands,380 K,380000.0,7,https://st.clubcomunio.com/p/415381-0.jpg
Pereira,Brazil,370 K,370000.0,7,https://st.clubcomunio.com/p/288431.jpg
Rodrigues,Cape Verde,370 K,370000.0,7,https://st.clubcomunio.com/p/170895-2.jpg
Ospina,Colombia,370 K,370000.0,7,https://st.clubcomunio.com/p/73396-1.jpg
Mbuku,DR Congo,370 K,370000.0,7,https://st.clubcomunio.com/p/557614-0.jpg
Lacroix,France,370 K,370000.0,7,https://st.clubcomunio.com/p/434224-0.jpg
Crocombe,New Zealand,370 K,370000.0,7,https://st.clubcomunio.com/p/207843.jpg
Sosa,Paraguay,370 K,370000.0,7,https://st.clubcomunio.com/p/745191.jpg
J. Bos,Australia,360 K,360000.0,7,https://st.clubcomunio.com/p/855731.jpg
Bombito,Canada,360 K,360000.0,7,https://st.clubcomunio.com/p/1089202.jpg
J. Waterman,Canada,360 K,360000.0,7,https://st.clubcomunio.com/p/441738-0.jpg
Adé,Haiti,360 K,360000.0,7,https://st.clubcomunio.com/p/278145.jpg
Khalilzadeh,Iran,360 K,360000.0,7,https://st.clubcomunio.com/p/213715-0.jpg
Sher,Iraq,360 K,360000.0,7,https://st.clubcomunio.com/p/579294-0.jpg
Al-Ammari,Iraq,360 K,360000.0,7,https://st.clubcomunio.com/p/303766.jpg
Al-Khaibari,Saudi Arabia,360 K,360000.0,7,https://st.clubcomunio.com/p/437903.jpg
Dykes,Scotland,360 K,360000.0,7,https://st.clubcomunio.com/p/347138-0.jpg
Hyun-jun Yang,South Korea,360 K,360000.0,7,https://st.clubcomunio.com/p/853110-0.jpg
Kaan Ayhan,Turkey,360 K,360000.0,7,https://st.clubcomunio.com/p/119031-1.jpg
Amaimouni,Morocco,360 K,360000.0,7,https://st.clubcomunio.com/p/799993.jpg
Obispo,Curacao,350 K,350000.0,7,https://st.clubcomunio.com/p/339337-0.jpg
M. Lasheen,Egypt,350 K,350000.0,7,https://st.clubcomunio.com/p/479682.jpg
F. Pierrot,Haiti,350 K,350000.0,7,https://st.clubcomunio.com/p/492955-0.jpg
Hajsafi,Iran,350 K,350000.0,7,https://st.clubcomunio.com/p/77547-0.jpg
Bjørkan,Norway,350 K,350000.0,7,https://st.clubcomunio.com/p/364938-0.jpg
O. Mosquera,Panama,350 K,350000.0,7,https://st.clubcomunio.com/p/402979.jpg
Rui Silva,Portugal,350 K,350000.0,7,https://st.clubcomunio.com/p/234811-2.jpg
Abdulhamid,Saudi Arabia,350 K,350000.0,7,https://st.clubcomunio.com/p/631927-0.jpg
Aguirre,Uruguay,350 K,350000.0,7,https://st.clubcomunio.com/p/189410.jpg
B. Aaronson,USA,350 K,350000.0,7,https://st.clubcomunio.com/p/393323-0.jpg
Ziko,Egypt,350 K,350000.0,7,https://st.clubcomunio.com/p/dflt.png.jpg
Mabil,Australia,340 K,340000.0,7,https://st.clubcomunio.com/p/255729-0.jpg
Shaffelburg,Canada,340 K,340000.0,7,https://st.clubcomunio.com/p/637632.jpg
Room,Curacao,340 K,340000.0,7,https://st.clubcomunio.com/p/79294.jpg
Zima,Czech Republic,340 K,340000.0,7,https://st.clubcomunio.com/p/544149-0.jpg
A. Valencia,Ecuador,340 K,340000.0,7,https://st.clubcomunio.com/p/974374-0.jpg
Minda,Ecuador,340 K,340000.0,7,https://st.clubcomunio.com/p/897051.jpg
Asare,Ghana,340 K,340000.0,7,https://st.clubcomunio.com/p/837368.jpg
José Córdoba,Panama,340 K,340000.0,7,https://st.clubcomunio.com/p/698415.jpg
Mandash,Saudi Arabia,340 K,340000.0,7,https://st.clubcomunio.com/p/210349.jpg
Shankland,Scotland,340 K,340000.0,7,https://st.clubcomunio.com/p/225744.jpg
A. Dahmen,Tunisia,340 K,340000.0,7,https://st.clubcomunio.com/p/569433-0.jpg
Shukurov,Uzbekistan,340 K,340000.0,7,https://st.clubcomunio.com/p/294525.jpg
Erlic,Croatia,330 K,330000.0,7,https://st.clubcomunio.com/p/357003-0.jpg
Leandro Bacuna,Curacao,330 K,330000.0,7,https://st.clubcomunio.com/p/126014.jpg
Ati Zigi,Ghana,330 K,330000.0,7,https://st.clubcomunio.com/p/254285-0.jpg
Comert,Switzerland,330 K,330000.0,7,https://st.clubcomunio.com/p/298583-0.jpg
Altay Bayındır,Turkey,330 K,330000.0,7,https://st.clubcomunio.com/p/336077-0.jpg
Wright,USA,330 K,330000.0,7,https://st.clubcomunio.com/p/315291-0.jpg
Basic,Bosnia-Herzegovina,320 K,320000.0,7,https://st.clubcomunio.com/p/620560.jpg
Joao Paulo,Cape Verde,320 K,320000.0,7,https://st.clubcomunio.com/p/623965.jpg
D. Duarte,Cape Verde,320 K,320000.0,7,https://st.clubcomunio.com/p/432852.jpg
Armando González,Mexico,320 K,320000.0,7,https://st.clubcomunio.com/p/837619.jpg
Roefs,Netherlands,320 K,320000.0,7,https://st.clubcomunio.com/p/646991.jpg
Mendes,Qatar,320 K,320000.0,7,https://st.clubcomunio.com/p/83983.jpg
Mastouri,Tunisia,320 K,320000.0,7,https://st.clubcomunio.com/p/953150.jpg
Pentz,Austria,310 K,310000.0,7,https://st.clubcomunio.com/p/223972-0.jpg
Puerta,Colombia,310 K,310000.0,7,https://st.clubcomunio.com/p/936981-0.jpg
Abdelmonem,Egypt,310 K,310000.0,7,https://st.clubcomunio.com/p/566025.jpg
Arcus,Haiti,310 K,310000.0,7,https://st.clubcomunio.com/p/371686.jpg
Fernandez,Paraguay,310 K,310000.0,7,https://st.clubcomunio.com/p/107318.jpg
Ojeda,Paraguay,310 K,310000.0,7,https://st.clubcomunio.com/p/491596-0.jpg
Tae-seok Lee,South Korea,310 K,310000.0,7,https://st.clubcomunio.com/p/639027.jpg
Lammens,Belgium,300 K,300000.0,7,https://st.clubcomunio.com/p/503883-0.jpg
Arcanjo,Cape Verde,300 K,300000.0,7,https://st.clubcomunio.com/p/791528.jpg
Thomas-Asante,Ghana,300 K,300000.0,7,https://st.clubcomunio.com/p/451747.jpg
Modiba,South Africa,300 K,300000.0,7,https://st.clubcomunio.com/p/353432.jpg
Achouri,Tunisia,300 K,300000.0,7,https://st.clubcomunio.com/p/645589-0.jpg
Masharipov,Uzbekistan,300 K,300000.0,7,https://st.clubcomunio.com/p/274536.jpg
Musso,Argentina,290 K,290000.0,7,https://st.clubcomunio.com/p/242359-1.jpg
Leckie,Australia,290 K,290000.0,7,https://st.clubcomunio.com/p/126214-0.jpg
De Fougerolles,Canada,290 K,290000.0,7,https://st.clubcomunio.com/p/921995.jpg
Moro,Croatia,290 K,290000.0,7,https://st.clubcomunio.com/p/316934-0.jpg
D. Henderson,England,290 K,290000.0,7,https://st.clubcomunio.com/p/258919-2.jpg
Operi,Ivory Coast,290 K,290000.0,7,https://st.clubcomunio.com/p/469976.jpg
J. Suzuki,Japan,290 K,290000.0,7,https://st.clubcomunio.com/p/848856.jpg
Surman,New Zealand,290 K,290000.0,7,https://st.clubcomunio.com/p/724809.jpg
Bell,New Zealand,290 K,290000.0,7,https://st.clubcomunio.com/p/345700.jpg
Khoukhi,Qatar,290 K,290000.0,7,https://st.clubcomunio.com/p/222669-0.jpg
Svanberg,Sweden,290 K,290000.0,7,https://st.clubcomunio.com/p/342405-0.jpg
Amenda,Switzerland,290 K,290000.0,7,https://st.clubcomunio.com/p/635645-0.jpg
Muheim,Switzerland,290 K,290000.0,7,https://st.clubcomunio.com/p/298603.jpg
E. Martínez,Uruguay,290 K,290000.0,7,https://st.clubcomunio.com/p/707447.jpg
Nematov,Uzbekistan,290 K,290000.0,7,https://st.clubcomunio.com/p/527866.jpg
Sadilek,Czech Republic,280 K,280000.0,7,https://st.clubcomunio.com/p/321204.jpg
Placide,Haiti,280 K,280000.0,7,https://st.clubcomunio.com/p/51035.jpg
Ogawa,Japan,280 K,280000.0,7,https://st.clubcomunio.com/p/351567.jpg
Romo,Mexico,280 K,280000.0,7,https://st.clubcomunio.com/p/532938-0.jpg
Kevin Pina,Cape Verde,280 K,280000.0,7,https://st.clubcomunio.com/p/dflt.png.jpg
Degenek,Australia,270 K,270000.0,7,https://st.clubcomunio.com/p/187353-0.jpg
Italiano,Australia,270 K,270000.0,7,https://st.clubcomunio.com/p/545810.jpg
Millar,Canada,270 K,270000.0,7,https://st.clubcomunio.com/p/487417-0.jpg
Casimir,Haiti,270 K,270000.0,7,https://st.clubcomunio.com/p/763182-0.jpg
Deedson,Haiti,270 K,270000.0,7,https://st.clubcomunio.com/p/646108.jpg
Al-Hamadi,Iraq,270 K,270000.0,7,https://st.clubcomunio.com/p/610581.jpg
Al-Oui,Qatar,270 K,270000.0,7,https://st.clubcomunio.com/p/1054631.jpg
Zwane,South Africa,270 K,270000.0,7,https://st.clubcomunio.com/p/176578.jpg
Osorio,Canada,260 K,260000.0,7,https://st.clubcomunio.com/p/260807-0.jpg
Vozinha,Cape Verde,260 K,260000.0,7,https://st.clubcomunio.com/p/242277.jpg
Diney,Cape Verde,260 K,260000.0,7,https://st.clubcomunio.com/p/349570.jpg
Pico,Cape Verde,260 K,260000.0,7,https://st.clubcomunio.com/p/166158.jpg
Diakité,Ivory Coast,260 K,260000.0,7,https://st.clubcomunio.com/p/847279-0.jpg
Taniguchi,Japan,260 K,260000.0,7,https://st.clubcomunio.com/p/307870-0.jpg
E. Davis,Panama,260 K,260000.0,7,https://st.clubcomunio.com/p/121791.jpg
Blackman,Panama,260 K,260000.0,7,https://st.clubcomunio.com/p/440383.jpg
Al-Aqidi,Saudi Arabia,260 K,260000.0,7,https://st.clubcomunio.com/p/886183-0.jpg
Al-Amri,Saudi Arabia,260 K,260000.0,7,https://st.clubcomunio.com/p/509894-0.jpg
Rekik,Tunisia,260 K,260000.0,7,https://st.clubcomunio.com/p/578292-0.jpg
Dong-gyeong Lee,South Korea,260 K,260000.0,7,https://st.clubcomunio.com/p/558086.jpg
Til,Netherlands,260 K,260000.0,7,https://st.clubcomunio.com/p/372267.jpg
Ditta,Colombia,260 K,260000.0,7,https://st.clubcomunio.com/p/609255.jpg
Sigur,Canada,250 K,250000.0,7,https://st.clubcomunio.com/p/1045375.jpg
Jovane Cabral,Cape Verde,250 K,250000.0,7,https://st.clubcomunio.com/p/448466-0.jpg
Juninho Bacuna,Curacao,250 K,250000.0,7,https://st.clubcomunio.com/p/348863.jpg
Kastaneer,Curacao,250 K,250000.0,7,https://st.clubcomunio.com/p/240752.jpg
Mukau,DR Congo,250 K,250000.0,7,https://st.clubcomunio.com/p/1016015.jpg
Cipenga,DR Congo,250 K,250000.0,7,https://st.clubcomunio.com/p/700565.jpg
Banza,DR Congo,250 K,250000.0,7,https://st.clubcomunio.com/p/344869-0.jpg
De Roon,Netherlands,250 K,250000.0,7,https://st.clubcomunio.com/p/133179-2.jpg
Just,New Zealand,250 K,250000.0,7,https://st.clubcomunio.com/p/485672.jpg
Urunov,Uzbekistan,250 K,250000.0,7,https://st.clubcomunio.com/p/492556.jpg
Nasrullaev,Uzbekistan,250 K,250000.0,7,https://st.clubcomunio.com/p/608537.jpg
D. Livramento,Cape Verde,250 K,250000.0,7,https://st.clubcomunio.com/p/676411.jpg
D. Machado,Colombia,250 K,250000.0,7,https://st.clubcomunio.com/p/332560-0.jpg
Younis,Iraq,250 K,250000.0,7,https://st.clubcomunio.com/p/945266.jpg
Brenet,Curacao,240 K,240000.0,7,https://st.clubcomunio.com/p/207006.jpg
Gorre,Curacao,240 K,240000.0,7,https://st.clubcomunio.com/p/374889.jpg
Cerv,Czech Republic,240 K,240000.0,7,https://st.clubcomunio.com/p/611049.jpg
K. Sulemana,Ghana,240 K,240000.0,7,https://st.clubcomunio.com/p/746695-1.jpg
Kanaani,Iran,240 K,240000.0,7,https://st.clubcomunio.com/p/249400-0.jpg
Salah-Eddine,Morocco,240 K,240000.0,7,https://st.clubcomunio.com/p/485584.jpg
C. Waterman,Panama,240 K,240000.0,7,https://st.clubcomunio.com/p/177064.jpg
Velazquez,Paraguay,240 K,240000.0,7,https://st.clubcomunio.com/p/389399.jpg
Kaku,Paraguay,240 K,240000.0,7,https://st.clubcomunio.com/p/dflt.png.jpg
Al Brake,Qatar,240 K,240000.0,7,https://st.clubcomunio.com/p/336665.jpg
Madibo,Qatar,240 K,240000.0,7,https://st.clubcomunio.com/p/336667-0.jpg
Jun-ho Bae,South Korea,240 K,240000.0,7,https://st.clubcomunio.com/p/912081.jpg
Zeneli,Sweden,240 K,240000.0,7,https://st.clubcomunio.com/p/715653.jpg
Mvogo,Switzerland,240 K,240000.0,7,https://st.clubcomunio.com/p/147051-0.jpg
Jaquez,Switzerland,240 K,240000.0,7,https://st.clubcomunio.com/p/539798.jpg
Bronn,Tunisia,240 K,240000.0,7,https://st.clubcomunio.com/p/450417-0.jpg
Bueno,Uruguay,240 K,240000.0,7,https://st.clubcomunio.com/p/438001-2.jpg
Khamrobekov,Uzbekistan,240 K,240000.0,7,https://st.clubcomunio.com/p/288915.jpg
Yusupov,Uzbekistan,240 K,240000.0,7,https://st.clubcomunio.com/p/311958.jpg
H. Johansson,Sweden,240 K,240000.0,7,https://st.clubcomunio.com/p/744853.jpg
Nuamah,Ghana,240 K,240000.0,7,https://st.clubcomunio.com/p/955070.jpg
Belaid,Algeria,230 K,230000.0,7,https://st.clubcomunio.com/p/625142.jpg
Razzaghinia,Iran,230 K,230000.0,7,https://st.clubcomunio.com/p/1051591.jpg
Aymen Hussein,Iraq,230 K,230000.0,7,https://st.clubcomunio.com/p/401054.jpg
Lafont,Ivory Coast,230 K,230000.0,7,https://st.clubcomunio.com/p/357117-0.jpg
Old,New Zealand,230 K,230000.0,7,https://st.clubcomunio.com/p/617021.jpg
F. Escobar,Panama,230 K,230000.0,7,https://st.clubcomunio.com/p/345716.jpg
Balbuena,Paraguay,230 K,230000.0,7,https://st.clubcomunio.com/p/285548-3.jpg
Edmilson Junior,Qatar,230 K,230000.0,7,https://st.clubcomunio.com/p/237846.jpg
Boushal,Saudi Arabia,230 K,230000.0,7,https://st.clubcomunio.com/p/dflt.png.jpg
Al-Shehri,Saudi Arabia,230 K,230000.0,7,https://st.clubcomunio.com/p/242267-0.jpg
Gordon,Scotland,230 K,230000.0,7,https://st.clubcomunio.com/p/12589.jpg
Mudau,South Africa,230 K,230000.0,7,https://st.clubcomunio.com/p/450806.jpg
E. Smith,Sweden,230 K,230000.0,7,https://st.clubcomunio.com/p/292534.jpg
Fassnacht,Switzerland,230 K,230000.0,7,https://st.clubcomunio.com/p/250490.jpg
Itten,Switzerland,230 K,230000.0,7,https://st.clubcomunio.com/p/243856-0.jpg
Tounekti,Tunisia,230 K,230000.0,7,https://st.clubcomunio.com/p/539677.jpg
Oğuz Aydın,Turkey,230 K,230000.0,7,https://st.clubcomunio.com/p/563749.jpg
B. Rodríguez,Uruguay,230 K,230000.0,7,https://st.clubcomunio.com/p/465818-0.jpg
Gi-hyuk Lee,South Korea,230 K,230000.0,7,https://st.clubcomunio.com/p/763349-0.jpg
Mechele,Belgium,220 K,220000.0,7,https://st.clubcomunio.com/p/236168-0.jpg
Sunjic,Bosnia-Herzegovina,220 K,220000.0,7,https://st.clubcomunio.com/p/226097-0.jpg
Sambo,Curacao,220 K,220000.0,7,https://st.clubcomunio.com/p/412937-0.jpg
Margaritha,Curacao,220 K,220000.0,7,https://st.clubcomunio.com/p/538958.jpg
Kakuta,DR Congo,220 K,220000.0,7,https://st.clubcomunio.com/p/74297-1.jpg
Porozo,Ecuador,220 K,220000.0,7,https://st.clubcomunio.com/p/491616-0.jpg
Fatouh,Egypt,220 K,220000.0,7,https://st.clubcomunio.com/p/465966.jpg
Ghaedi,Iran,220 K,220000.0,7,https://st.clubcomunio.com/p/478192.jpg
Hussein Ali,Iraq,220 K,220000.0,7,https://st.clubcomunio.com/p/585325.jpg
El Ouahdi,Morocco,220 K,220000.0,7,https://st.clubcomunio.com/p/239291.jpg
Bárcenas,Panama,220 K,220000.0,7,https://st.clubcomunio.com/p/283473-1.jpg
Cubas,Paraguay,220 K,220000.0,7,https://st.clubcomunio.com/p/323872.jpg
Hyam,Scotland,220 K,220000.0,7,https://st.clubcomunio.com/p/263268.jpg
Patterson,Scotland,220 K,220000.0,7,https://st.clubcomunio.com/p/424015-0.jpg
Sithole,South Africa,220 K,220000.0,7,https://st.clubcomunio.com/p/401736.jpg
Mahmoud,Tunisia,220 K,220000.0,7,https://st.clubcomunio.com/p/673513.jpg
Saad,Tunisia,220 K,220000.0,7,https://st.clubcomunio.com/p/526466.jpg
Mert Günok,Turkey,220 K,220000.0,7,https://st.clubcomunio.com/p/51894.jpg
Abdelkarim,Egypt,220 K,220000.0,7,https://st.clubcomunio.com/p/dflt.png.jpg
J. Sanabria,Uruguay,220 K,220000.0,7,https://st.clubcomunio.com/p/446106.jpg
Baba Rahman,Ghana,220 K,220000.0,7,https://st.clubcomunio.com/p/224884.jpg
Mumin,Ghana,220 K,220000.0,7,https://st.clubcomunio.com/p/451801-0.jpg
Mohamed Toure,Australia,210 K,210000.0,7,https://st.clubcomunio.com/p/742770.jpg
Gigovic,Bosnia-Herzegovina,210 K,210000.0,7,https://st.clubcomunio.com/p/651269.jpg
Kotarski,Croatia,210 K,210000.0,7,https://st.clubcomunio.com/p/370997.jpg
Holes,Czech Republic,210 K,210000.0,7,https://st.clubcomunio.com/p/216278.jpg
J. Kayembe,DR Congo,210 K,210000.0,7,https://st.clubcomunio.com/p/129586.jpg
Paez,Ecuador,210 K,210000.0,7,https://st.clubcomunio.com/p/1052439.jpg
Oppong,Ghana,210 K,210000.0,7,https://st.clubcomunio.com/p/1113451.jpg
Owusu,Ghana,210 K,210000.0,7,https://st.clubcomunio.com/p/395695-0.jpg
Amyn,Iraq,210 K,210000.0,7,https://st.clubcomunio.com/p/684307.jpg
Nasib,Jordan,210 K,210000.0,7,https://st.clubcomunio.com/p/882197.jpg
Al-Mardi,Jordan,210 K,210000.0,7,https://st.clubcomunio.com/p/401086.jpg
Guillermo Martínez,Mexico,210 K,210000.0,7,https://st.clubcomunio.com/p/347932.jpg
McCowatt,New Zealand,210 K,210000.0,7,https://st.clubcomunio.com/p/400797.jpg
Randall,New Zealand,210 K,210000.0,7,https://st.clubcomunio.com/p/677509.jpg
J. Rodríguez,Panama,210 K,210000.0,7,https://st.clubcomunio.com/p/425028-0.jpg
Godoy,Panama,210 K,210000.0,7,https://st.clubcomunio.com/p/161671.jpg
Caballero,Paraguay,210 K,210000.0,7,https://st.clubcomunio.com/p/891672.jpg
Boudiaf,Qatar,210 K,210000.0,7,https://st.clubcomunio.com/p/222385-0.jpg
Sibisi,South Africa,210 K,210000.0,7,https://st.clubcomunio.com/p/399068.jpg
Moon-hwan Kim,South Korea,210 K,210000.0,7,https://st.clubcomunio.com/p/524592-0.jpg
Bernhardsson,Sweden,210 K,210000.0,7,https://st.clubcomunio.com/p/633454.jpg
Ben Hessen,Tunisia,210 K,210000.0,7,https://st.clubcomunio.com/p/295381.jpg
Ben Ouanes,Tunisia,210 K,210000.0,7,https://st.clubcomunio.com/p/230921-0.jpg
Trusty,USA,210 K,210000.0,7,https://st.clubcomunio.com/p/389253-0.jpg
Ben Slimane,Tunisia,210 K,210000.0,7,https://st.clubcomunio.com/p/546712-0.jpg
Benchimol,Cape Verde,210 K,210000.0,7,https://st.clubcomunio.com/p/820252.jpg
Chytil,Czech Republic,210 K,210000.0,7,https://st.clubcomunio.com/p/405855.jpg
Hadjam,Algeria,200 K,200000.0,7,https://st.clubcomunio.com/p/750903-0.jpg
José López,Argentina,200 K,200000.0,7,https://st.clubcomunio.com/p/844797.jpg
Herrington,Australia,200 K,200000.0,7,https://st.clubcomunio.com/p/1279984.jpg
S. Moreira,Cape Verde,200 K,200000.0,7,https://st.clubcomunio.com/p/203517.jpg
Andrés Gómez,Colombia,200 K,200000.0,7,https://st.clubcomunio.com/p/957461.jpg
Antonisse,Curacao,200 K,200000.0,7,https://st.clubcomunio.com/p/594273.jpg
Zeleny,Czech Republic,200 K,200000.0,7,https://st.clubcomunio.com/p/142219.jpg
Doudera,Czech Republic,200 K,200000.0,7,https://st.clubcomunio.com/p/493758.jpg
Adel,Egypt,200 K,200000.0,7,https://st.clubcomunio.com/p/677278.jpg
Senaya,Ghana,200 K,200000.0,7,https://st.clubcomunio.com/p/830890-0.jpg
R. Providence,Haiti,200 K,200000.0,7,https://st.clubcomunio.com/p/536520.jpg
Hashem,Iraq,200 K,200000.0,7,https://st.clubcomunio.com/p/933541.jpg
Al-Arab,Jordan,200 K,200000.0,7,https://st.clubcomunio.com/p/539961.jpg
Al-Rawabdeh,Jordan,200 K,200000.0,7,https://st.clubcomunio.com/p/561485.jpg
Boxall,New Zealand,200 K,200000.0,7,https://st.clubcomunio.com/p/81723.jpg
M. Pedersen,Norway,200 K,200000.0,7,https://st.clubcomunio.com/p/583404-0.jpg
I. Díaz,Panama,200 K,200000.0,7,https://st.clubcomunio.com/p/243298.jpg
Hirst,Scotland,200 K,200000.0,7,https://st.clubcomunio.com/p/420808.jpg
V. Johannson,Sweden,200 K,200000.0,7,https://st.clubcomunio.com/p/273742.jpg
Boulbina,Algeria,190 K,190000.0,7,https://st.clubcomunio.com/p/748443.jpg
Castaño,Colombia,190 K,190000.0,7,https://st.clubcomunio.com/p/857948.jpg
Locadia,Curacao,190 K,190000.0,7,https://st.clubcomunio.com/p/166240-0.jpg
Attia,Egypt,190 K,190000.0,7,https://st.clubcomunio.com/p/734542.jpg
Luckassen,Ghana,190 K,190000.0,7,https://st.clubcomunio.com/p/241457.jpg
Yousefi,Iran,190 K,190000.0,7,https://st.clubcomunio.com/p/932724.jpg
Abulaila,Jordan,190 K,190000.0,7,https://st.clubcomunio.com/p/dflt.png.jpg
Acevedo,Mexico,190 K,190000.0,7,https://st.clubcomunio.com/p/356042-0.jpg
Elliot,New Zealand,190 K,190000.0,7,https://st.clubcomunio.com/p/482204.jpg
Smith,New Zealand,190 K,190000.0,7,https://st.clubcomunio.com/p/54381.jpg
Selvik,Norway,190 K,190000.0,7,https://st.clubcomunio.com/p/380744.jpg
Mejía,Panama,190 K,190000.0,7,https://st.clubcomunio.com/p/76715.jpg
C. Martínez,Panama,190 K,190000.0,7,https://st.clubcomunio.com/p/419247.jpg
Alaaeldin,Qatar,190 K,190000.0,7,https://st.clubcomunio.com/p/187987-0.jpg
Al-Owais,Saudi Arabia,190 K,190000.0,7,https://st.clubcomunio.com/p/262845-0.jpg
Hyeon-woo Jo,South Korea,190 K,190000.0,7,https://st.clubcomunio.com/p/260171-0.jpg
Ekdal,Sweden,190 K,190000.0,7,https://st.clubcomunio.com/p/392179-0.jpg
Arous,Tunisia,190 K,190000.0,7,https://st.clubcomunio.com/p/1071742.jpg
Ben Hamida,Tunisia,190 K,190000.0,7,https://st.clubcomunio.com/p/dflt.png.jpg
K. Ayari,Tunisia,190 K,190000.0,7,https://st.clubcomunio.com/p/dflt.png.jpg
Schöpf,Austria,190 K,190000.0,7,https://st.clubcomunio.com/p/118397-0.jpg
T. Rodríguez,Panama,190 K,190000.0,7,https://st.clubcomunio.com/p/569205.jpg
Fariña,Panama,190 K,190000.0,7,https://st.clubcomunio.com/p/923177.jpg
Sochurek,Czech Republic,190 K,190000.0,7,https://st.clubcomunio.com/p/1206877.jpg
Sebelebele,South Africa,190 K,190000.0,7,https://st.clubcomunio.com/p/994370.jpg
Yengi,Australia,190 K,190000.0,7,https://st.clubcomunio.com/p/849429.jpg
Abada,Algeria,180 K,180000.0,7,https://st.clubcomunio.com/p/949929.jpg
Behich,Australia,180 K,180000.0,7,https://st.clubcomunio.com/p/136834-0.jpg
Okon-Engstler,Australia,180 K,180000.0,7,https://st.clubcomunio.com/p/1064377.jpg
Seys,Belgium,180 K,180000.0,7,https://st.clubcomunio.com/p/981196.jpg
Mahmic,Bosnia-Herzegovina,180 K,180000.0,7,https://st.clubcomunio.com/p/803049.jpg
Goodman,Canada,180 K,180000.0,7,https://st.clubcomunio.com/p/814848.jpg
Lenini,Cape Verde,180 K,180000.0,7,https://st.clubcomunio.com/p/544586.jpg
Fonville,Curacao,180 K,180000.0,7,https://st.clubcomunio.com/p/708989.jpg
Van Eijma,Curacao,180 K,180000.0,7,https://st.clubcomunio.com/p/401029.jpg
Sontje Hansen,Curacao,180 K,180000.0,7,https://st.clubcomunio.com/p/485582.jpg
Alcivar,Ecuador,180 K,180000.0,7,https://st.clubcomunio.com/p/598145.jpg
D. Castillo,Ecuador,180 K,180000.0,7,https://st.clubcomunio.com/p/941418-0.jpg
K. Rodríguez,Ecuador,180 K,180000.0,7,https://st.clubcomunio.com/p/684159.jpg
Expérience,Haiti,180 K,180000.0,7,https://st.clubcomunio.com/p/804885.jpg
H. Delcroix,Haiti,180 K,180000.0,7,https://st.clubcomunio.com/p/338635-0.jpg
W. Pierre,Haiti,180 K,180000.0,7,https://st.clubcomunio.com/p/1017735.jpg
Jean-Jacques,Haiti,180 K,180000.0,7,https://st.clubcomunio.com/p/628834-0.jpg
Niazmand,Iran,180 K,180000.0,7,https://st.clubcomunio.com/p/343044-0.jpg
Eiri,Iran,180 K,180000.0,7,https://st.clubcomunio.com/p/1080301.jpg
Rezaeian,Iran,180 K,180000.0,7,https://st.clubcomunio.com/p/188312-0.jpg
Hosseinzadeh,Iran,180 K,180000.0,7,https://st.clubcomunio.com/p/542380-0.jpg
Tahseen,Iraq,180 K,180000.0,7,https://st.clubcomunio.com/p/931147.jpg
Mohanad Ali,Iraq,180 K,180000.0,7,https://st.clubcomunio.com/p/589646.jpg
Seko,Japan,180 K,180000.0,7,https://st.clubcomunio.com/p/405389.jpg
Nagatomo,Japan,180 K,180000.0,7,https://st.clubcomunio.com/p/79522-0.jpg
Shiogai,Japan,180 K,180000.0,7,https://st.clubcomunio.com/p/1144627.jpg
Obaid,Jordan,180 K,180000.0,7,https://st.clubcomunio.com/p/658807.jpg
Paulsen,New Zealand,180 K,180000.0,7,https://st.clubcomunio.com/p/617009.jpg
Singh,New Zealand,180 K,180000.0,7,https://st.clubcomunio.com/p/350357.jpg
R. Miller,Panama,180 K,180000.0,7,https://st.clubcomunio.com/p/157154.jpg
José Sá,Portugal,180 K,180000.0,7,https://st.clubcomunio.com/p/249994-0.jpg
Mannai,Qatar,180 K,180000.0,7,https://st.clubcomunio.com/p/822935.jpg
Almoez Ali,Qatar,180 K,180000.0,7,https://st.clubcomunio.com/p/345095-0.jpg
Al-Hussain,Qatar,180 K,180000.0,7,https://st.clubcomunio.com/p/dflt.png.jpg
Seck,Senegal,180 K,180000.0,7,https://st.clubcomunio.com/p/265383-0.jpg
Bum-keun Song,South Korea,180 K,180000.0,7,https://st.clubcomunio.com/p/508237-0.jpg
Keller,Switzerland,180 K,180000.0,7,https://st.clubcomunio.com/p/500763-0.jpg
Chikhaoui,Tunisia,180 K,180000.0,7,https://st.clubcomunio.com/p/dflt.png.jpg
Viña,Uruguay,180 K,180000.0,7,https://st.clubcomunio.com/p/439072-1.jpg
Sayfiev,Uzbekistan,180 K,180000.0,7,https://st.clubcomunio.com/p/212499.jpg
Thermoncy,Haiti,180 K,180000.0,7,https://st.clubcomunio.com/p/1061046.jpg
D. Simon,Haiti,180 K,180000.0,7,https://st.clubcomunio.com/p/988188.jpg
Svoboda,Austria,180 K,180000.0,7,https://st.clubcomunio.com/p/438961-0.jpg
Fruk,Croatia,180 K,180000.0,7,https://st.clubcomunio.com/p/432758.jpg
Haddah,Jordan,180 K,180000.0,7,https://st.clubcomunio.com/p/310943.jpg
Y. Ibrahim,Egypt,180 K,180000.0,7,https://st.clubcomunio.com/p/237425.jpg
L. Chavez,Mexico,180 K,180000.0,7,https://st.clubcomunio.com/p/331059-1.jpg
Benbouali,Algeria,170 K,170000.0,7,https://st.clubcomunio.com/p/840254.jpg
Geria,Australia,170 K,170000.0,7,https://st.clubcomunio.com/p/185175.jpg
Velupillay,Australia,170 K,170000.0,7,https://st.clubcomunio.com/p/888140.jpg
Radeljic,Bosnia-Herzegovina,170 K,170000.0,7,https://st.clubcomunio.com/p/384568.jpg
Hadziahmetovic,Bosnia-Herzegovina,170 K,170000.0,7,https://st.clubcomunio.com/p/293213.jpg
Bazdar,Bosnia-Herzegovina,170 K,170000.0,7,https://st.clubcomunio.com/p/710969.jpg
Lukic,Bosnia-Herzegovina,170 K,170000.0,7,https://st.clubcomunio.com/p/457738.jpg
Rosa,Cape Verde,170 K,170000.0,7,https://st.clubcomunio.com/p/398048.jpg
Floranus,Curacao,170 K,170000.0,7,https://st.clubcomunio.com/p/315211.jpg
Bazoer,Curacao,170 K,170000.0,7,https://st.clubcomunio.com/p/216443.jpg
Hornicek,Czech Republic,170 K,170000.0,7,https://st.clubcomunio.com/p/629773-0.jpg
Visinsky,Czech Republic,170 K,170000.0,7,https://st.clubcomunio.com/p/652060.jpg
Kapuadi,DR Congo,170 K,170000.0,7,https://st.clubcomunio.com/p/679709.jpg
Abdelmaguid,Egypt,170 K,170000.0,7,https://st.clubcomunio.com/p/737524.jpg
Duverger,Haiti,170 K,170000.0,7,https://st.clubcomunio.com/p/490369.jpg
Paugain,Haiti,170 K,170000.0,7,https://st.clubcomunio.com/p/609691.jpg
Duverne,Haiti,170 K,170000.0,7,https://st.clubcomunio.com/p/344864-0.jpg
D. Lacroix,Haiti,170 K,170000.0,7,https://st.clubcomunio.com/p/375472.jpg
Nazon,Haiti,170 K,170000.0,7,https://st.clubcomunio.com/p/345763.jpg
Hardani,Iran,170 K,170000.0,7,https://st.clubcomunio.com/p/697155-0.jpg
Ghorbani,Iran,170 K,170000.0,7,https://st.clubcomunio.com/p/856087.jpg
Torabi,Iran,170 K,170000.0,7,https://st.clubcomunio.com/p/283833-0.jpg
J.Hassan,Iraq,170 K,170000.0,7,https://st.clubcomunio.com/p/206782.jpg
Talib,Iraq,170 K,170000.0,7,https://st.clubcomunio.com/p/377268.jpg
Sulaka,Iraq,170 K,170000.0,7,https://st.clubcomunio.com/p/217073.jpg
Bayesh,Iraq,170 K,170000.0,7,https://st.clubcomunio.com/p/560957.jpg
Jasim,Iraq,170 K,170000.0,7,https://st.clubcomunio.com/p/877672.jpg
Yakob,Iraq,170 K,170000.0,7,https://st.clubcomunio.com/p/413268.jpg
Zaid Ismail,Iraq,170 K,170000.0,7,https://st.clubcomunio.com/p/dflt.png.jpg
Hayakawa,Japan,170 K,170000.0,7,https://st.clubcomunio.com/p/683271.jpg
Goto,Japan,170 K,170000.0,7,https://st.clubcomunio.com/p/916623.jpg
Ali Hasheesh,Jordan,170 K,170000.0,7,https://st.clubcomunio.com/p/895249.jpg
Abualnadi,Jordan,170 K,170000.0,7,https://st.clubcomunio.com/p/dflt.png.jpg
Abu Taha,Jordan,170 K,170000.0,7,https://st.clubcomunio.com/p/883111.jpg
Al-Azaizah,Jordan,170 K,170000.0,7,https://st.clubcomunio.com/p/1059056-0.jpg
Halhal,Morocco,170 K,170000.0,7,https://st.clubcomunio.com/p/913660.jpg
R.Thomas,New Zealand,170 K,170000.0,7,https://st.clubcomunio.com/p/203357.jpg
Pijnaker,New Zealand,170 K,170000.0,7,https://st.clubcomunio.com/p/455425.jpg
Bayliss,New Zealand,170 K,170000.0,7,https://st.clubcomunio.com/p/1109358.jpg
J. Ramos,Panama,170 K,170000.0,7,https://st.clubcomunio.com/p/403809.jpg
Carrasquilla,Panama,170 K,170000.0,7,https://st.clubcomunio.com/p/375300-0.jpg
Londoño,Panama,170 K,170000.0,7,https://st.clubcomunio.com/p/860998.jpg
Maidana,Paraguay,170 K,170000.0,7,https://st.clubcomunio.com/p/1371519.jpg
Arce,Paraguay,170 K,170000.0,7,https://st.clubcomunio.com/p/970518.jpg
Avalos,Paraguay,170 K,170000.0,7,https://st.clubcomunio.com/p/358418.jpg
Al-Haydos,Qatar,170 K,170000.0,7,https://st.clubcomunio.com/p/86286.jpg
Jamshid,Qatar,170 K,170000.0,7,https://st.clubcomunio.com/p/1143849.jpg
Muntari,Qatar,170 K,170000.0,7,https://st.clubcomunio.com/p/266935-0.jpg
A. Fathy,Qatar,170 K,170000.0,7,https://st.clubcomunio.com/p/dflt.png.jpg
Al-Ganehi,Qatar,170 K,170000.0,7,https://st.clubcomunio.com/p/670659.jpg
Majrashi,Saudi Arabia,170 K,170000.0,7,https://st.clubcomunio.com/p/672391.jpg
Al-Ghannam,Saudi Arabia,170 K,170000.0,7,https://st.clubcomunio.com/p/631923.jpg
Ralston,Scotland,170 K,170000.0,7,https://st.clubcomunio.com/p/388171-0.jpg
Kabini,South Africa,170 K,170000.0,7,https://st.clubcomunio.com/p/1175086.jpg
Ndamane,South Africa,170 K,170000.0,7,https://st.clubcomunio.com/p/1283140.jpg
Matuludi,South Africa,170 K,170000.0,7,https://st.clubcomunio.com/p/1109254.jpg
Zetterstrom,Sweden,170 K,170000.0,7,https://st.clubcomunio.com/p/549440.jpg
Ali Abdi,Tunisia,170 K,170000.0,7,https://st.clubcomunio.com/p/211474-0.jpg
Neffati,Tunisia,170 K,170000.0,7,https://st.clubcomunio.com/p/1034598.jpg
Elloumi,Tunisia,170 K,170000.0,7,https://st.clubcomunio.com/p/1273985.jpg
Arfsten,USA,170 K,170000.0,7,https://st.clubcomunio.com/p/993063.jpg
Zendejas,USA,170 K,170000.0,7,https://st.clubcomunio.com/p/351505.jpg
Iskandarov,Uzbekistan,170 K,170000.0,7,https://st.clubcomunio.com/p/260857.jpg
Ashurmatov,Uzbekistan,170 K,170000.0,7,https://st.clubcomunio.com/p/288883.jpg
Alizhonov,Uzbekistan,170 K,170000.0,7,https://st.clubcomunio.com/p/dflt.png.jpg
Eshmuradov,Uzbekistan,170 K,170000.0,7,https://st.clubcomunio.com/p/493725.jpg
Penders,Belgium,170 K,170000.0,7,https://st.clubcomunio.com/p/834397.jpg
Tae-hyeon Kim,South Korea,170 K,170000.0,7,https://st.clubcomunio.com/p/645847.jpg
Dargahi,Iran,170 K,170000.0,7,https://st.clubcomunio.com/p/249303.jpg
J. Caicedo,Ecuador,170 K,170000.0,7,https://st.clubcomunio.com/p/360412-0.jpg
Badawi,Jordan,170 K,170000.0,7,https://st.clubcomunio.com/p/dflt.png.jpg
Batubinsika,DR Congo,170 K,170000.0,7,https://st.clubcomunio.com/p/289432-0.jpg
Tshibola,DR Congo,170 K,170000.0,7,https://st.clubcomunio.com/p/243633.jpg
Hafez,Egypt,170 K,170000.0,7,https://st.clubcomunio.com/p/333004.jpg
B. Dieng,Senegal,170 K,170000.0,7,https://st.clubcomunio.com/p/822458.jpg
Fletcher,Scotland,170 K,170000.0,7,https://st.clubcomunio.com/p/1049911.jpg
Cross,South Africa,170 K,170000.0,7,https://st.clubcomunio.com/p/555209.jpg
Aasgaard,Norway,170 K,170000.0,7,https://st.clubcomunio.com/p/647384.jpg
Huerta,Mexico,170 K,170000.0,7,https://st.clubcomunio.com/p/540315.jpg
Tagnaouti,Morocco,170 K,170000.0,7,https://st.clubcomunio.com/p/238997.jpg
Saadoon,Iraq,170 K,170000.0,7,https://st.clubcomunio.com/p/dflt.png.jpg
Tougai,Algeria,160 K,160000.0,7,https://st.clubcomunio.com/p/592396.jpg
Chergui,Algeria,160 K,160000.0,7,https://st.clubcomunio.com/p/668167.jpg
Benbout,Algeria,160 K,160000.0,7,https://st.clubcomunio.com/p/437982.jpg
Rulli,Argentina,160 K,160000.0,7,https://st.clubcomunio.com/p/229604-1.jpg
Beach,Australia,160 K,160000.0,7,https://st.clubcomunio.com/p/983578.jpg
Izzo,Australia,160 K,160000.0,7,https://st.clubcomunio.com/p/181921.jpg
Devlin,Australia,160 K,160000.0,7,https://st.clubcomunio.com/p/399162.jpg
Trewin,Australia,160 K,160000.0,7,https://st.clubcomunio.com/p/691326.jpg
Zlomislic,Bosnia-Herzegovina,160 K,160000.0,7,https://st.clubcomunio.com/p/495320.jpg
Celik,Bosnia-Herzegovina,160 K,160000.0,7,https://st.clubcomunio.com/p/819566.jpg
Hadzikadunic,Bosnia-Herzegovina,160 K,160000.0,7,https://st.clubcomunio.com/p/322065-0.jpg
Burnic,Bosnia-Herzegovina,160 K,160000.0,7,https://st.clubcomunio.com/p/251295-0.jpg
Mujakic,Bosnia-Herzegovina,160 K,160000.0,7,https://st.clubcomunio.com/p/380919.jpg
Choiniere,Canada,160 K,160000.0,7,https://st.clubcomunio.com/p/589006.jpg
Dos Santos,Cape Verde,160 K,160000.0,7,https://st.clubcomunio.com/p/532096.jpg
Pires,Cape Verde,160 K,160000.0,7,https://st.clubcomunio.com/p/662119.jpg
H. Varela,Cape Verde,160 K,160000.0,7,https://st.clubcomunio.com/p/840836.jpg
L. Duarte,Cape Verde,160 K,160000.0,7,https://st.clubcomunio.com/p/258513.jpg
Stopira,Cape Verde,160 K,160000.0,7,https://st.clubcomunio.com/p/80486.jpg
A. Montero,Colombia,160 K,160000.0,7,https://st.clubcomunio.com/p/292985.jpg
Pandur,Croatia,160 K,160000.0,7,https://st.clubcomunio.com/p/371013-0.jpg
Jákic,Croatia,160 K,160000.0,7,https://st.clubcomunio.com/p/374954-0.jpg
Bodak,Curacao,160 K,160000.0,7,https://st.clubcomunio.com/p/663961.jpg
Doornbusch,Curacao,160 K,160000.0,7,https://st.clubcomunio.com/p/390814.jpg
Comenencia,Curacao,160 K,160000.0,7,https://st.clubcomunio.com/p/626764.jpg
Gaari,Curacao,160 K,160000.0,7,https://st.clubcomunio.com/p/328455.jpg
Noslin,Curacao,160 K,160000.0,7,https://st.clubcomunio.com/p/708005.jpg
Felida,Curacao,160 K,160000.0,7,https://st.clubcomunio.com/p/433933.jpg
Kuwas,Curacao,160 K,160000.0,7,https://st.clubcomunio.com/p/232219.jpg
Martha,Curacao,160 K,160000.0,7,https://st.clubcomunio.com/p/572519.jpg
Roemeratoe,Curacao,160 K,160000.0,7,https://st.clubcomunio.com/p/393241.jpg
Stanek,Czech Republic,160 K,160000.0,7,https://st.clubcomunio.com/p/242089-0.jpg
Epolo,DR Congo,160 K,160000.0,7,https://st.clubcomunio.com/p/680218.jpg
G. Kalulu,DR Congo,160 K,160000.0,7,https://st.clubcomunio.com/p/395685-0.jpg
E. Kayembe,DR Congo,160 K,160000.0,7,https://st.clubcomunio.com/p/486477-0.jpg
Pickel,DR Congo,160 K,160000.0,7,https://st.clubcomunio.com/p/243879-0.jpg
Mayele,DR Congo,160 K,160000.0,7,https://st.clubcomunio.com/p/727157.jpg
Valle,Ecuador,160 K,160000.0,7,https://st.clubcomunio.com/p/351941.jpg
Medina,Ecuador,160 K,160000.0,7,https://st.clubcomunio.com/p/893659.jpg
Arevalo,Ecuador,160 K,160000.0,7,https://st.clubcomunio.com/p/971663.jpg
El-Shenawy,Egypt,160 K,160000.0,7,https://st.clubcomunio.com/p/134573.jpg
Soliman,Egypt,160 K,160000.0,7,https://st.clubcomunio.com/p/104951.jpg
M. Alaa,Egypt,160 K,160000.0,7,https://st.clubcomunio.com/p/1036412.jpg
Saber,Egypt,160 K,160000.0,7,https://st.clubcomunio.com/p/729390.jpg
Trafford,England,160 K,160000.0,7,https://st.clubcomunio.com/p/566799-0.jpg
B. Samba,France,160 K,160000.0,7,https://st.clubcomunio.com/p/191056-0.jpg
Risser,France,160 K,160000.0,7,https://st.clubcomunio.com/p/743515.jpg
Anang,Ghana,160 K,160000.0,7,https://st.clubcomunio.com/p/576099.jpg
Baah,Ghana,160 K,160000.0,7,https://st.clubcomunio.com/p/1119447.jpg
A. Pierre,Haiti,160 K,160000.0,7,https://st.clubcomunio.com/p/838947-0.jpg
Sainté,Haiti,160 K,160000.0,7,https://st.clubcomunio.com/p/718244.jpg
L. Pierre,Haiti,160 K,160000.0,7,https://st.clubcomunio.com/p/552467.jpg
Etienne Jr.,Haiti,160 K,160000.0,7,https://st.clubcomunio.com/p/354763.jpg
Fortune,Haiti,160 K,160000.0,7,https://st.clubcomunio.com/p/342878.jpg
Hosseini,Iran,160 K,160000.0,7,https://st.clubcomunio.com/p/132561-0.jpg
Cheshmi,Iran,160 K,160000.0,7,https://st.clubcomunio.com/p/273879-0.jpg
Alipour,Iran,160 K,160000.0,7,https://st.clubcomunio.com/p/249360-0.jpg
Basil,Iraq,160 K,160000.0,7,https://st.clubcomunio.com/p/560952.jpg
Putros,Iraq,160 K,160000.0,7,https://st.clubcomunio.com/p/166460.jpg
Farji,Iraq,160 K,160000.0,7,https://st.clubcomunio.com/p/663153.jpg
Guiagon,Ivory Coast,160 K,160000.0,7,https://st.clubcomunio.com/p/624913.jpg
Osako,Japan,160 K,160000.0,7,https://st.clubcomunio.com/p/415521.jpg
Al-Fakhouri,Jordan,160 K,160000.0,7,https://st.clubcomunio.com/p/dflt.png.jpg
Al-Rosan,Jordan,160 K,160000.0,7,https://st.clubcomunio.com/p/561481.jpg
Dahab,Jordan,160 K,160000.0,7,https://st.clubcomunio.com/p/dflt.png.jpg
Al-Daoud,Jordan,160 K,160000.0,7,https://st.clubcomunio.com/p/dflt.png.jpg
Sadeh,Jordan,160 K,160000.0,7,https://st.clubcomunio.com/p/709974.jpg
Ayed,Jordan,160 K,160000.0,7,https://st.clubcomunio.com/p/261842.jpg
Jamous,Jordan,160 K,160000.0,7,https://st.clubcomunio.com/p/744040.jpg
Al-Rashdan,Jordan,160 K,160000.0,7,https://st.clubcomunio.com/p/734751.jpg
Abu Zrayq,Jordan,160 K,160000.0,7,https://st.clubcomunio.com/p/677986.jpg
Fakhoury,Jordan,160 K,160000.0,7,https://st.clubcomunio.com/p/1252820.jpg
Ali Olwan,Jordan,160 K,160000.0,7,https://st.clubcomunio.com/p/664057.jpg
El Kajoui,Morocco,160 K,160000.0,7,https://st.clubcomunio.com/p/97925-2.jpg
Belammari,Morocco,160 K,160000.0,7,https://st.clubcomunio.com/p/518804.jpg
De Vries,New Zealand,160 K,160000.0,7,https://st.clubcomunio.com/p/207061.jpg
Cacace,New Zealand,160 K,160000.0,7,https://st.clubcomunio.com/p/469211-0.jpg
Barbarouses,New Zealand,160 K,160000.0,7,https://st.clubcomunio.com/p/50200.jpg
Waine,New Zealand,160 K,160000.0,7,https://st.clubcomunio.com/p/539502.jpg
Rufer,New Zealand,160 K,160000.0,7,https://st.clubcomunio.com/p/256019.jpg
Woud,New Zealand,160 K,160000.0,7,https://st.clubcomunio.com/p/350347.jpg
Garbett,New Zealand,160 K,160000.0,7,https://st.clubcomunio.com/p/617019.jpg
Falchener,Norway,160 K,160000.0,7,https://st.clubcomunio.com/p/743088.jpg
Samudio,Panama,160 K,160000.0,7,https://st.clubcomunio.com/p/865550.jpg
J. Gutiérrez,Panama,160 K,160000.0,7,https://st.clubcomunio.com/p/443379.jpg
Andrade,Panama,160 K,160000.0,7,https://st.clubcomunio.com/p/403808-0.jpg
Harvey,Panama,160 K,160000.0,7,https://st.clubcomunio.com/p/628806.jpg
Yanis,Panama,160 K,160000.0,7,https://st.clubcomunio.com/p/741098.jpg
Fajardo,Panama,160 K,160000.0,7,https://st.clubcomunio.com/p/546803.jpg
Olveira,Paraguay,160 K,160000.0,7,https://st.clubcomunio.com/p/301722.jpg
Canale,Paraguay,160 K,160000.0,7,https://st.clubcomunio.com/p/402627.jpg
Galarza,Paraguay,160 K,160000.0,7,https://st.clubcomunio.com/p/661269.jpg
Abunada,Qatar,160 K,160000.0,7,https://st.clubcomunio.com/p/669629.jpg
S. Zakaria,Qatar,160 K,160000.0,7,https://st.clubcomunio.com/p/632912-0.jpg
Al-Amin,Qatar,160 K,160000.0,7,https://st.clubcomunio.com/p/556713.jpg
Gaber,Qatar,160 K,160000.0,7,https://st.clubcomunio.com/p/735813-0.jpg
Aziz Hatem,Qatar,160 K,160000.0,7,https://st.clubcomunio.com/p/113915.jpg
Laye,Qatar,160 K,160000.0,7,https://st.clubcomunio.com/p/1264176.jpg
Al-Kassar,Saudi Arabia,160 K,160000.0,7,https://st.clubcomunio.com/p/177956.jpg
Yahya,Saudi Arabia,160 K,160000.0,7,https://st.clubcomunio.com/p/735815.jpg
Al-Juwayr,Saudi Arabia,160 K,160000.0,7,https://st.clubcomunio.com/p/901181.jpg
Al-Hamdan,Saudi Arabia,160 K,160000.0,7,https://st.clubcomunio.com/p/68626-0.jpg
Kelly,Scotland,160 K,160000.0,7,https://st.clubcomunio.com/p/208772.jpg
Curtis,Scotland,160 K,160000.0,7,https://st.clubcomunio.com/p/1082993.jpg
M. Diaw,Senegal,160 K,160000.0,7,https://st.clubcomunio.com/p/164904-0.jpg
Y. Diouf,Senegal,160 K,160000.0,7,https://st.clubcomunio.com/p/448632-1.jpg
Chaine,South Africa,160 K,160000.0,7,https://st.clubcomunio.com/p/453370.jpg
Maseko,South Africa,160 K,160000.0,7,https://st.clubcomunio.com/p/983330.jpg
Mbatha,South Africa,160 K,160000.0,7,https://st.clubcomunio.com/p/735697.jpg
Moremi,South Africa,160 K,160000.0,7,https://st.clubcomunio.com/p/844485.jpg
Rayners,South Africa,160 K,160000.0,7,https://st.clubcomunio.com/p/337884.jpg
Ji-sung Eom,South Korea,160 K,160000.0,7,https://st.clubcomunio.com/p/706968.jpg
Abdi Ali,Sweden,160 K,160000.0,7,https://st.clubcomunio.com/p/731771.jpg
Stroud,Sweden,160 K,160000.0,7,https://st.clubcomunio.com/p/687622.jpg
Nilsson,Sweden,160 K,160000.0,7,https://st.clubcomunio.com/p/320440.jpg
Sema,Sweden,160 K,160000.0,7,https://st.clubcomunio.com/p/252345-0.jpg
Chamakh,Tunisia,160 K,160000.0,7,https://st.clubcomunio.com/p/dflt.png.jpg
Mele,Uruguay,160 K,160000.0,7,https://st.clubcomunio.com/p/320739.jpg
Brady,USA,160 K,160000.0,7,https://st.clubcomunio.com/p/765504.jpg
Berhalter,USA,160 K,160000.0,7,https://st.clubcomunio.com/p/734761.jpg
Roldan,USA,160 K,160000.0,7,https://st.clubcomunio.com/p/354792-0.jpg
Sergeev,Uzbekistan,160 K,160000.0,7,https://st.clubcomunio.com/p/185372.jpg
Mozgovoy,Uzbekistan,160 K,160000.0,7,https://st.clubcomunio.com/p/562022.jpg
Ergashev,Uzbekistan,160 K,160000.0,7,https://st.clubcomunio.com/p/312690.jpg
L. Joseph,Haiti,160 K,160000.0,7,https://st.clubcomunio.com/p/815359-0.jpg
Mohamed Koné,Ivory Coast,160 K,160000.0,7,https://st.clubcomunio.com/p/911985.jpg
Jin-seob Park,South Korea,160 K,160000.0,7,https://st.clubcomunio.com/p/557469.jpg
Jin-gyu Kim,South Korea,160 K,160000.0,7,https://st.clubcomunio.com/p/365377-0.jpg
Wiegele,Austria,160 K,160000.0,7,https://st.clubcomunio.com/p/393999.jpg
Ahmed Hasan,Iraq,160 K,160000.0,7,https://st.clubcomunio.com/p/881506.jpg
Bani Attiah,Jordan,160 K,160000.0,7,https://st.clubcomunio.com/p/261837.jpg
I. Camara,Senegal,160 K,160000.0,7,https://st.clubcomunio.com/p/570781.jpg
Mohammad Taha,Jordan,160 K,160000.0,7,https://st.clubcomunio.com/p/dflt.png.jpg
Fayulu,DR Congo,160 K,160000.0,7,https://st.clubcomunio.com/p/541420.jpg
Weverton,Brazil,160 K,160000.0,7,https://st.clubcomunio.com/p/69400-0.jpg
Dunga,Egypt,160 K,160000.0,7,https://st.clubcomunio.com/p/dflt.png.jpg
Stewart,Scotland,160 K,160000.0,7,https://st.clubcomunio.com/p/447995.jpg
Velho,Portugal,160 K,160000.0,7,https://st.clubcomunio.com/p/527026.jpg
M. Magalhaes,Paraguay,160 K,160000.0,7,https://st.clubcomunio.com/p/678439.jpg
T. Alaa,Egypt,160 K,160000.0,7,https://st.clubcomunio.com/p/1087789.jpg
Mbow,Senegal,160 K,160000.0,7,https://st.clubcomunio.com/p/649026-0.jpg
M. Ramírez,Ecuador,160 K,160000.0,7,https://st.clubcomunio.com/p/450233-0.jpg
Sojka,Czech Republic,160 K,160000.0,7,https://st.clubcomunio.com/p/826103.jpg
Goss,South Africa,160 K,160000.0,7,https://st.clubcomunio.com/p/258304.jpg
Makhanya,South Africa,160 K,160000.0,7,https://st.clubcomunio.com/p/1069801.jpg
Kuchta,Czech Republic,160 K,160000.0,7,https://st.clubcomunio.com/p/334802.jpg
Tangvik,Norway,160 K,160000.0,7,https://st.clubcomunio.com/p/549378.jpg
Langas,Norway,160 K,160000.0,7,https://st.clubcomunio.com/p/737837.jpg
Portilla,Colombia,160 K,160000.0,7,https://st.clubcomunio.com/p/585747.jpg
Campaz,Colombia,160 K,160000.0,7,https://st.clubcomunio.com/p/491553.jpg
Ramdane,Algeria,160 K,160000.0,7,https://st.clubcomunio.com/p/748439.jpg
A. Quintero,Panama,160 K,160000.0,7,https://st.clubcomunio.com/p/126019.jpg
Abdurisag,Qatar,160 K,160000.0,7,https://st.clubcomunio.com/p/589099.jpg
Mastil,Algeria,160 K,160000.0,7,https://st.clubcomunio.com/p/534398.jpg
N. Saliba,Canada,160 K,160000.0,7,https://st.clubcomunio.com/p/842420.jpg
A. Jones,Canada,160 K,160000.0,7,https://st.clubcomunio.com/p/340990.jpg
Al-Harbi,Saudi Arabia,160 K,160000.0,7,https://st.clubcomunio.com/p/869509.jpg
Kadesh,Saudi Arabia,160 K,160000.0,7,https://st.clubcomunio.com/p/260859.jpg
Lajami,Saudi Arabia,160 K,160000.0,7,https://st.clubcomunio.com/p/264909.jpg
Thakri,Saudi Arabia,160 K,160000.0,7,https://st.clubcomunio.com/p/901334.jpg
Al-Hejji,Saudi Arabia,160 K,160000.0,7,https://st.clubcomunio.com/p/443937.jpg
Al-Johani,Saudi Arabia,160 K,160000.0,7,https://st.clubcomunio.com/p/dflt.png.jpg
M. Al-Shamat,Saudi Arabia,160 K,160000.0,7,https://st.clubcomunio.com/p/631917.jpg
Karimov,Uzbekistan,160 K,160000.0,7,https://st.clubcomunio.com/p/1106187.jpg
Ulmasaliev,Uzbekistan,160 K,160000.0,7,https://st.clubcomunio.com/p/dflt.png.jpg
Uruzov,Uzbekistan,160 K,160000.0,7,https://st.clubcomunio.com/p/989069.jpg
Esanov,Uzbekistan,160 K,160000.0,7,https://st.clubcomunio.com/p/989068.jpg
Ganiev,Uzbekistan,160 K,160000.0,7,https://st.clubcomunio.com/p/431911.jpg
Hamdamov,Uzbekistan,160 K,160000.0,7,https://st.clubcomunio.com/p/294502.jpg
Amonov,Uzbekistan,160 K,160000.0,7,https://st.clubcomunio.com/p/517918.jpg
Ghedjemis,Algeria,160 K,160000.0,7,https://st.clubcomunio.com/p/888738.jpg
Titraoui,Algeria,160 K,160000.0,7,https://st.clubcomunio.com/p/748445.jpg
Jurkas,Bosnia-Herzegovina,160 K,160000.0,7,https://st.clubcomunio.com/p/952692.jpg
Boakye,Ghana,160 K,160000.0,7,https://st.clubcomunio.com/p/579263-0.jpg
Ali Yousif,Iraq,160 K,160000.0,7,https://st.clubcomunio.com/p/576265.jpg
Qasem,Iraq,160 K,160000.0,7,https://st.clubcomunio.com/p/833817.jpg
Wi-je Cho,South Korea,160 K,160000.0,7,https://st.clubcomunio.com/p/561212-0.jpg
Moghanlou,Iran,160 K,160000.0,7,https://st.clubcomunio.com/p/357125.jpg
Pitta,Paraguay,160 K,160000.0,7,https://st.clubcomunio.com/p/675178-0.jpg
